whole country,34046.7,2000
northern estonia,18532.9,2000
central estonia,2167,2000
northeastern estonia,679.6,2000
western estonia,2262.7,2000
southern estonia,10404.5,2000
harju maakond,18532.9,2000
kehra linn,0,2000
keila linn,0,2000
loksa linn,0,2000
maardu linn,0,2000
paldiski linn,0,2000
saue linn,0,2000
tallinn,18202.9,2000
aegviidu vald,0,2000
anija vald,0,2000
harku vald,0,2000
jõelähtme vald,0,2000
keila vald,0,2000
kernu vald,0,2000
kiili vald,0,2000
kose vald,0,2000
kuusalu vald,0,2000
kõue vald,0,2000
loksa vald,0,2000
nissi vald,0,2000
padise vald,0,2000
raasiku vald,0,2000
rae vald,330,2000
saku vald,0,2000
saue vald,0,2000
vasalemma vald,0,2000
viimsi vald,0,2000
hiiu maakond,0,2000
kärdla linn,0,2000
emmaste vald,0,2000
hiiu vald,0,2000
kõrgessaare vald,0,2000
käina vald,0,2000
pühalepa vald,0,2000
ida-viru maakond,679.6,2000
jõhvi linn,0,2000
kiviõli linn,0,2000
kohtla-järve linn,0,2000
narva linn,0,2000
narva-jõesuu linn,0,2000
püssi linn,0,2000
sillamäe linn,0,2000
alajõe vald,0,2000
aseri vald,0,2000
avinurme vald,0,2000
iisaku vald,0,2000
illuka vald,0,2000
jõhvi vald,0,2000
kohtla vald,0,2000
kohtla-nõmme vald,0,2000
lohusuu vald,0,2000
lüganuse vald,0,2000
maidla vald,0,2000
mäetaguse vald,0,2000
sonda vald,0,2000
toila vald,0,2000
tudulinna vald,0,2000
vaivara vald,679.6,2000
jõgeva maakond,2284.9,2000
jõgeva linn,0,2000
mustvee linn,0,2000
põltsamaa linn,0,2000
jõgeva vald,2284.9,2000
kasepää vald,0,2000
pajusi vald,0,2000
pala vald,0,2000
palamuse vald,0,2000
puurmani vald,0,2000
põltsamaa vald,0,2000
saare vald,0,2000
tabivere vald,0,2000
torma vald,0,2000
järva maakond,0,2000
paide linn,0,2000
türi linn,0,2000
albu vald,0,2000
ambla vald,0,2000
imavere vald,0,2000
järva-jaani vald,0,2000
kabala vald,0,2000
kareda vald,0,2000
koeru vald,0,2000
koigi vald,0,2000
lehtse vald,0,2000
oisu vald,0,2000
paide vald,0,2000
roosna-alliku vald,0,2000
türi vald,0,2000
väätsa vald,0,2000
lääne maakond,185,2000
haapsalu linn,0,2000
hanila vald,185,2000
kullamaa vald,0,2000
lihula vald,0,2000
lääne-nigula vald,0,2000
martna vald,0,2000
noarootsi vald,0,2000
nõva vald,0,2000
oru vald,0,2000
ridala vald,0,2000
risti vald,0,2000
taebla vald,0,2000
vormsi vald,0,2000
lääne-viru maakond,1805,2000
kunda linn,0,2000
rakvere linn,0,2000
tamsalu linn,0,2000
tapa linn,1805,2000
avanduse vald,0,2000
haljala vald,0,2000
kadrina vald,0,2000
laekvere vald,0,2000
rakke vald,0,2000
rakvere vald,0,2000
rägavere vald,0,2000
saksi vald,0,2000
sõmeru vald,0,2000
tamsalu vald,0,2000
tapa vald,0,2000
vihula vald,0,2000
vinni vald,0,2000
viru-nigula vald,0,2000
väike-maarja vald,0,2000
põlva maakond,0,2000
põlva linn,0,2000
räpina linn,0,2000
ahja vald,0,2000
kanepi vald,0,2000
kõlleste vald,0,2000
laheda vald,0,2000
mikitamäe vald,0,2000
mooste vald,0,2000
orava vald,0,2000
põlva vald,0,2000
räpina vald,0,2000
valgjärve vald,0,2000
vastse-kuuste vald,0,2000
veriora vald,0,2000
värska vald,0,2000
pärnu maakond,1762.1,2000
kilingi-nõmme linn,0,2000
pärnu linn,0,2000
sindi linn,0,2000
are vald,0,2000
audru vald,0,2000
halinga vald,0,2000
häädemeeste vald,210.4,2000
kaisma vald,0,2000
kihnu vald,0,2000
koonga vald,0,2000
lavassaare vald,0,2000
paikuse vald,0,2000
saarde vald,0,2000
sauga vald,0,2000
surju vald,0,2000
tahkuranna vald,1155.7,2000
tali vald,0,2000
tootsi vald,0,2000
tori vald,396,2000
tõstamaa vald,0,2000
varbla vald,0,2000
vändra vald (town),0,2000
vändra vald,0,2000
rapla maakond,362,2000
rapla linn,0,2000
juuru vald,0,2000
järvakandi vald,0,2000
kaiu vald,0,2000
kehtna vald,0,2000
kohila vald (town),0,2000
kohila vald,362,2000
käru vald,0,2000
loodna vald,0,2000
märjamaa vald (town),0,2000
märjamaa vald,0,2000
raikküla vald,0,2000
rapla vald,0,2000
vigala vald,0,2000
saare maakond,315.6,2000
kuressaare linn,0,2000
kaarma vald,0,2000
kihelkonna vald,0,2000
kärla vald,0,2000
laimjala vald,0,2000
leisi vald,315.6,2000
lääne-saare vald,0,2000
lümanda vald,0,2000
muhu vald,0,2000
mustjala vald,0,2000
orissaare vald,0,2000
pihtla vald,0,2000
pöide vald,0,2000
ruhnu vald,0,2000
salme vald,0,2000
torgu vald,0,2000
valjala vald,0,2000
tartu maakond,5781.1,2000
elva linn,0,2000
kallaste linn,0,2000
tartu linn,5781.1,2000
alatskivi vald,0,2000
haaslava vald,0,2000
kambja vald,0,2000
konguta vald,0,2000
laeva vald,0,2000
luunja vald,0,2000
meeksi vald,0,2000
mäksa vald,0,2000
nõo vald,0,2000
peipsiääre vald,0,2000
piirissaare vald,0,2000
puhja vald,0,2000
rannu vald,0,2000
rõngu vald,0,2000
tartu vald,0,2000
tähtvere vald,0,2000
vara vald,0,2000
võnnu vald,0,2000
ülenurme vald,0,2000
valga maakond,2027.8,2000
tõrva linn,1047.8,2000
valga linn,0,2000
helme vald,0,2000
hummuli vald,0,2000
karula vald,0,2000
otepää vald,0,2000
palupera vald,0,2000
puka vald,0,2000
põdrala vald,0,2000
sangaste vald,0,2000
taheva vald,0,2000
tõlliste vald,980,2000
õru vald,0,2000
viljandi maakond,0,2000
mõisaküla linn,0,2000
suure-jaani linn,0,2000
viljandi linn,0,2000
võhma linn,0,2000
abja vald,0,2000
halliste vald,0,2000
karksi vald,0,2000
kolga-jaani vald,0,2000
kõo vald,0,2000
kõpu vald,0,2000
olustvere vald,0,2000
paistu vald,0,2000
pärsti vald,0,2000
saarepeedi vald,0,2000
suure-jaani vald,0,2000
tarvastu vald,0,2000
vastemõisa vald,0,2000
viiratsi vald,0,2000
viljandi vald,0,2000
võru maakond,310.7,2000
võru linn,310.7,2000
antsla vald,0,2000
haanja vald,0,2000
lasva vald,0,2000
meremäe vald,0,2000
misso vald,0,2000
mõniste vald,0,2000
rõuge vald,0,2000
sõmerpalu vald,0,2000
urvaste vald,0,2000
varstu vald,0,2000
vastseliina vald,0,2000
võru vald,0,2000
whole country,53308.6,2001
northern estonia,29631.6,2001
central estonia,3077.6,2001
northeastern estonia,0,2001
western estonia,11326.4,2001
southern estonia,9273,2001
harju maakond,29631.6,2001
kehra linn,0,2001
keila linn,0,2001
loksa linn,0,2001
maardu linn,0,2001
paldiski linn,0,2001
saue linn,0,2001
tallinn,28011.7,2001
aegviidu vald,0,2001
anija vald,0,2001
harku vald,0,2001
jõelähtme vald,0,2001
keila vald,0,2001
kernu vald,0,2001
kiili vald,0,2001
kose vald,0,2001
kuusalu vald,419.9,2001
kõue vald,0,2001
loksa vald,0,2001
nissi vald,0,2001
padise vald,0,2001
raasiku vald,1200,2001
rae vald,0,2001
saku vald,0,2001
saue vald,0,2001
vasalemma vald,0,2001
viimsi vald,0,2001
hiiu maakond,0,2001
kärdla linn,0,2001
emmaste vald,0,2001
hiiu vald,0,2001
kõrgessaare vald,0,2001
käina vald,0,2001
pühalepa vald,0,2001
ida-viru maakond,0,2001
jõhvi linn,0,2001
kiviõli linn,0,2001
kohtla-järve linn,0,2001
narva linn,0,2001
narva-jõesuu linn,0,2001
püssi linn,0,2001
sillamäe linn,0,2001
alajõe vald,0,2001
aseri vald,0,2001
avinurme vald,0,2001
iisaku vald,0,2001
illuka vald,0,2001
jõhvi vald,0,2001
kohtla vald,0,2001
kohtla-nõmme vald,0,2001
lohusuu vald,0,2001
lüganuse vald,0,2001
maidla vald,0,2001
mäetaguse vald,0,2001
sonda vald,0,2001
toila vald,0,2001
tudulinna vald,0,2001
vaivara vald,0,2001
jõgeva maakond,360.5,2001
jõgeva linn,360.5,2001
mustvee linn,0,2001
põltsamaa linn,0,2001
jõgeva vald,0,2001
kasepää vald,0,2001
pajusi vald,0,2001
pala vald,0,2001
palamuse vald,0,2001
puurmani vald,0,2001
põltsamaa vald,0,2001
saare vald,0,2001
tabivere vald,0,2001
torma vald,0,2001
järva maakond,0,2001
paide linn,0,2001
türi linn,0,2001
albu vald,0,2001
ambla vald,0,2001
imavere vald,0,2001
järva-jaani vald,0,2001
kabala vald,0,2001
kareda vald,0,2001
koeru vald,0,2001
koigi vald,0,2001
lehtse vald,0,2001
oisu vald,0,2001
paide vald,0,2001
roosna-alliku vald,0,2001
türi vald,0,2001
väätsa vald,0,2001
lääne maakond,0,2001
haapsalu linn,0,2001
hanila vald,0,2001
kullamaa vald,0,2001
lihula vald,0,2001
lääne-nigula vald,0,2001
martna vald,0,2001
noarootsi vald,0,2001
nõva vald,0,2001
oru vald,0,2001
ridala vald,0,2001
risti vald,0,2001
taebla vald,0,2001
vormsi vald,0,2001
lääne-viru maakond,3077.6,2001
kunda linn,0,2001
rakvere linn,2993.4,2001
tamsalu linn,0,2001
tapa linn,0,2001
avanduse vald,0,2001
haljala vald,0,2001
kadrina vald,0,2001
laekvere vald,0,2001
rakke vald,0,2001
rakvere vald,0,2001
rägavere vald,0,2001
saksi vald,0,2001
sõmeru vald,0,2001
tamsalu vald,0,2001
tapa vald,0,2001
vihula vald,0,2001
vinni vald,0,2001
viru-nigula vald,0,2001
väike-maarja vald,84.2,2001
põlva maakond,968,2001
põlva linn,0,2001
räpina linn,0,2001
ahja vald,0,2001
kanepi vald,0,2001
kõlleste vald,0,2001
laheda vald,0,2001
mikitamäe vald,0,2001
mooste vald,0,2001
orava vald,0,2001
põlva vald,968,2001
räpina vald,0,2001
valgjärve vald,0,2001
vastse-kuuste vald,0,2001
veriora vald,0,2001
värska vald,0,2001
pärnu maakond,11326.4,2001
kilingi-nõmme linn,0,2001
pärnu linn,7225.2,2001
sindi linn,0,2001
are vald,0,2001
audru vald,0,2001
halinga vald,0,2001
häädemeeste vald,454.2,2001
kaisma vald,0,2001
kihnu vald,0,2001
koonga vald,0,2001
lavassaare vald,0,2001
paikuse vald,0,2001
saarde vald,0,2001
sauga vald,3647,2001
surju vald,0,2001
tahkuranna vald,0,2001
tali vald,0,2001
tootsi vald,0,2001
tori vald,0,2001
tõstamaa vald,0,2001
varbla vald,0,2001
vändra vald (town),0,2001
vändra vald,0,2001
rapla maakond,0,2001
rapla linn,0,2001
juuru vald,0,2001
järvakandi vald,0,2001
kaiu vald,0,2001
kehtna vald,0,2001
kohila vald (town),0,2001
kohila vald,0,2001
käru vald,0,2001
loodna vald,0,2001
märjamaa vald (town),0,2001
märjamaa vald,0,2001
raikküla vald,0,2001
rapla vald,0,2001
vigala vald,0,2001
saare maakond,0,2001
kuressaare linn,0,2001
kaarma vald,0,2001
kihelkonna vald,0,2001
kärla vald,0,2001
laimjala vald,0,2001
leisi vald,0,2001
lääne-saare vald,0,2001
lümanda vald,0,2001
muhu vald,0,2001
mustjala vald,0,2001
orissaare vald,0,2001
pihtla vald,0,2001
pöide vald,0,2001
ruhnu vald,0,2001
salme vald,0,2001
torgu vald,0,2001
valjala vald,0,2001
tartu maakond,1901.1,2001
elva linn,0,2001
kallaste linn,0,2001
tartu linn,0,2001
alatskivi vald,0,2001
haaslava vald,0,2001
kambja vald,0,2001
konguta vald,0,2001
laeva vald,0,2001
luunja vald,0,2001
meeksi vald,0,2001
mäksa vald,0,2001
nõo vald,0,2001
peipsiääre vald,0,2001
piirissaare vald,0,2001
puhja vald,1901.1,2001
rannu vald,0,2001
rõngu vald,0,2001
tartu vald,0,2001
tähtvere vald,0,2001
vara vald,0,2001
võnnu vald,0,2001
ülenurme vald,0,2001
valga maakond,6043.4,2001
tõrva linn,0,2001
valga linn,3447.8,2001
helme vald,2595.6,2001
hummuli vald,0,2001
karula vald,0,2001
otepää vald,0,2001
palupera vald,0,2001
puka vald,0,2001
põdrala vald,0,2001
sangaste vald,0,2001
taheva vald,0,2001
tõlliste vald,0,2001
õru vald,0,2001
viljandi maakond,0,2001
mõisaküla linn,0,2001
suure-jaani linn,0,2001
viljandi linn,0,2001
võhma linn,0,2001
abja vald,0,2001
halliste vald,0,2001
karksi vald,0,2001
kolga-jaani vald,0,2001
kõo vald,0,2001
kõpu vald,0,2001
olustvere vald,0,2001
paistu vald,0,2001
pärsti vald,0,2001
saarepeedi vald,0,2001
suure-jaani vald,0,2001
tarvastu vald,0,2001
vastemõisa vald,0,2001
viiratsi vald,0,2001
viljandi vald,0,2001
võru maakond,0,2001
võru linn,0,2001
antsla vald,0,2001
haanja vald,0,2001
lasva vald,0,2001
meremäe vald,0,2001
misso vald,0,2001
mõniste vald,0,2001
rõuge vald,0,2001
sõmerpalu vald,0,2001
urvaste vald,0,2001
varstu vald,0,2001
vastseliina vald,0,2001
võru vald,0,2001
whole country,35642,2002
northern estonia,21749.9,2002
central estonia,2581.2,2002
northeastern estonia,3113.5,2002
western estonia,3709.7,2002
southern estonia,4487.7,2002
harju maakond,21749.9,2002
kehra linn,0,2002
keila linn,0,2002
loksa linn,0,2002
maardu linn,0,2002
paldiski linn,0,2002
saue linn,0,2002
tallinn,13628.6,2002
aegviidu vald,0,2002
anija vald,0,2002
harku vald,0,2002
jõelähtme vald,1398.3,2002
keila vald,0,2002
kernu vald,0,2002
kiili vald,0,2002
kose vald,0,2002
kuusalu vald,6723,2002
kõue vald,0,2002
loksa vald,0,2002
nissi vald,0,2002
padise vald,0,2002
raasiku vald,0,2002
rae vald,0,2002
saku vald,0,2002
saue vald,0,2002
vasalemma vald,0,2002
viimsi vald,0,2002
hiiu maakond,0,2002
kärdla linn,0,2002
emmaste vald,0,2002
hiiu vald,0,2002
kõrgessaare vald,0,2002
käina vald,0,2002
pühalepa vald,0,2002
ida-viru maakond,3113.5,2002
jõhvi linn,0,2002
kiviõli linn,0,2002
kohtla-järve linn,3113.5,2002
narva linn,0,2002
narva-jõesuu linn,0,2002
püssi linn,0,2002
sillamäe linn,0,2002
alajõe vald,0,2002
aseri vald,0,2002
avinurme vald,0,2002
iisaku vald,0,2002
illuka vald,0,2002
jõhvi vald,0,2002
kohtla vald,0,2002
kohtla-nõmme vald,0,2002
lohusuu vald,0,2002
lüganuse vald,0,2002
maidla vald,0,2002
mäetaguse vald,0,2002
sonda vald,0,2002
toila vald,0,2002
tudulinna vald,0,2002
vaivara vald,0,2002
jõgeva maakond,1962.6,2002
jõgeva linn,415,2002
mustvee linn,0,2002
põltsamaa linn,158.8,2002
jõgeva vald,0,2002
kasepää vald,0,2002
pajusi vald,0,2002
pala vald,0,2002
palamuse vald,0,2002
puurmani vald,92.6,2002
põltsamaa vald,0,2002
saare vald,0,2002
tabivere vald,1296.2,2002
torma vald,0,2002
järva maakond,0,2002
paide linn,0,2002
türi linn,0,2002
albu vald,0,2002
ambla vald,0,2002
imavere vald,0,2002
järva-jaani vald,0,2002
kabala vald,0,2002
kareda vald,0,2002
koeru vald,0,2002
koigi vald,0,2002
lehtse vald,0,2002
oisu vald,0,2002
paide vald,0,2002
roosna-alliku vald,0,2002
türi vald,0,2002
väätsa vald,0,2002
lääne maakond,0,2002
haapsalu linn,0,2002
hanila vald,0,2002
kullamaa vald,0,2002
lihula vald,0,2002
lääne-nigula vald,0,2002
martna vald,0,2002
noarootsi vald,0,2002
nõva vald,0,2002
oru vald,0,2002
ridala vald,0,2002
risti vald,0,2002
taebla vald,0,2002
vormsi vald,0,2002
lääne-viru maakond,2581.2,2002
kunda linn,631.2,2002
rakvere linn,0,2002
tamsalu linn,0,2002
tapa linn,0,2002
avanduse vald,0,2002
haljala vald,0,2002
kadrina vald,0,2002
laekvere vald,0,2002
rakke vald,0,2002
rakvere vald,0,2002
rägavere vald,0,2002
saksi vald,0,2002
sõmeru vald,0,2002
tamsalu vald,0,2002
tapa vald,0,2002
vihula vald,0,2002
vinni vald,0,2002
viru-nigula vald,1950,2002
väike-maarja vald,0,2002
põlva maakond,0,2002
põlva linn,0,2002
räpina linn,0,2002
ahja vald,0,2002
kanepi vald,0,2002
kõlleste vald,0,2002
laheda vald,0,2002
mikitamäe vald,0,2002
mooste vald,0,2002
orava vald,0,2002
põlva vald,0,2002
räpina vald,0,2002
valgjärve vald,0,2002
vastse-kuuste vald,0,2002
veriora vald,0,2002
värska vald,0,2002
pärnu maakond,3709.7,2002
kilingi-nõmme linn,0,2002
pärnu linn,2199.3,2002
sindi linn,0,2002
are vald,1000,2002
audru vald,0,2002
halinga vald,0,2002
häädemeeste vald,0,2002
kaisma vald,0,2002
kihnu vald,0,2002
koonga vald,0,2002
lavassaare vald,0,2002
paikuse vald,510.4,2002
saarde vald,0,2002
sauga vald,0,2002
surju vald,0,2002
tahkuranna vald,0,2002
tali vald,0,2002
tootsi vald,0,2002
tori vald,0,2002
tõstamaa vald,0,2002
varbla vald,0,2002
vändra vald (town),0,2002
vändra vald,0,2002
rapla maakond,0,2002
rapla linn,0,2002
juuru vald,0,2002
järvakandi vald,0,2002
kaiu vald,0,2002
kehtna vald,0,2002
kohila vald (town),0,2002
kohila vald,0,2002
käru vald,0,2002
loodna vald,0,2002
märjamaa vald (town),0,2002
märjamaa vald,0,2002
raikküla vald,0,2002
rapla vald,0,2002
vigala vald,0,2002
saare maakond,0,2002
kuressaare linn,0,2002
kaarma vald,0,2002
kihelkonna vald,0,2002
kärla vald,0,2002
laimjala vald,0,2002
leisi vald,0,2002
lääne-saare vald,0,2002
lümanda vald,0,2002
muhu vald,0,2002
mustjala vald,0,2002
orissaare vald,0,2002
pihtla vald,0,2002
pöide vald,0,2002
ruhnu vald,0,2002
salme vald,0,2002
torgu vald,0,2002
valjala vald,0,2002
tartu maakond,1964.8,2002
elva linn,0,2002
kallaste linn,0,2002
tartu linn,1964.8,2002
alatskivi vald,0,2002
haaslava vald,0,2002
kambja vald,0,2002
konguta vald,0,2002
laeva vald,0,2002
luunja vald,0,2002
meeksi vald,0,2002
mäksa vald,0,2002
nõo vald,0,2002
peipsiääre vald,0,2002
piirissaare vald,0,2002
puhja vald,0,2002
rannu vald,0,2002
rõngu vald,0,2002
tartu vald,0,2002
tähtvere vald,0,2002
vara vald,0,2002
võnnu vald,0,2002
ülenurme vald,0,2002
valga maakond,0,2002
tõrva linn,0,2002
valga linn,0,2002
helme vald,0,2002
hummuli vald,0,2002
karula vald,0,2002
otepää vald,0,2002
palupera vald,0,2002
puka vald,0,2002
põdrala vald,0,2002
sangaste vald,0,2002
taheva vald,0,2002
tõlliste vald,0,2002
õru vald,0,2002
viljandi maakond,484.8,2002
mõisaküla linn,0,2002
suure-jaani linn,0,2002
viljandi linn,170.3,2002
võhma linn,0,2002
abja vald,0,2002
halliste vald,0,2002
karksi vald,0,2002
kolga-jaani vald,314.5,2002
kõo vald,0,2002
kõpu vald,0,2002
olustvere vald,0,2002
paistu vald,0,2002
pärsti vald,0,2002
saarepeedi vald,0,2002
suure-jaani vald,0,2002
tarvastu vald,0,2002
vastemõisa vald,0,2002
viiratsi vald,0,2002
viljandi vald,0,2002
võru maakond,75.5,2002
võru linn,0,2002
antsla vald,0,2002
haanja vald,0,2002
lasva vald,0,2002
meremäe vald,0,2002
misso vald,0,2002
mõniste vald,0,2002
rõuge vald,0,2002
sõmerpalu vald,0,2002
urvaste vald,0,2002
varstu vald,0,2002
vastseliina vald,75.5,2002
võru vald,0,2002
whole country,106775.2,2003
northern estonia,51528,2003
central estonia,10044.1,2003
northeastern estonia,842.6,2003
western estonia,7938.2,2003
southern estonia,36422.3,2003
harju maakond,51528,2003
kehra linn,0,2003
keila linn,6907.5,2003
loksa linn,0,2003
maardu linn,587.8,2003
paldiski linn,0,2003
saue linn,0,2003
tallinn,10574.7,2003
aegviidu vald,0,2003
anija vald,0,2003
harku vald,0,2003
jõelähtme vald,852.1,2003
keila vald,0,2003
kernu vald,0,2003
kiili vald,0,2003
kose vald,1523.5,2003
kuusalu vald,0,2003
kõue vald,436.6,2003
loksa vald,0,2003
nissi vald,0,2003
padise vald,0,2003
raasiku vald,0,2003
rae vald,23754.5,2003
saku vald,5055.7,2003
saue vald,1571,2003
vasalemma vald,0,2003
viimsi vald,264.6,2003
hiiu maakond,0,2003
kärdla linn,0,2003
emmaste vald,0,2003
hiiu vald,0,2003
kõrgessaare vald,0,2003
käina vald,0,2003
pühalepa vald,0,2003
ida-viru maakond,842.6,2003
jõhvi linn,0,2003
kiviõli linn,0,2003
kohtla-järve linn,622,2003
narva linn,0,2003
narva-jõesuu linn,0,2003
püssi linn,0,2003
sillamäe linn,0,2003
alajõe vald,0,2003
aseri vald,0,2003
avinurme vald,0,2003
iisaku vald,167.6,2003
illuka vald,0,2003
jõhvi vald,0,2003
kohtla vald,0,2003
kohtla-nõmme vald,0,2003
lohusuu vald,0,2003
lüganuse vald,53,2003
maidla vald,0,2003
mäetaguse vald,0,2003
sonda vald,0,2003
toila vald,0,2003
tudulinna vald,0,2003
vaivara vald,0,2003
jõgeva maakond,0,2003
jõgeva linn,0,2003
mustvee linn,0,2003
põltsamaa linn,0,2003
jõgeva vald,0,2003
kasepää vald,0,2003
pajusi vald,0,2003
pala vald,0,2003
palamuse vald,0,2003
puurmani vald,0,2003
põltsamaa vald,0,2003
saare vald,0,2003
tabivere vald,0,2003
torma vald,0,2003
järva maakond,638.2,2003
paide linn,0,2003
türi linn,0,2003
albu vald,0,2003
ambla vald,0,2003
imavere vald,0,2003
järva-jaani vald,0,2003
kabala vald,0,2003
kareda vald,0,2003
koeru vald,0,2003
koigi vald,216,2003
lehtse vald,0,2003
oisu vald,0,2003
paide vald,0,2003
roosna-alliku vald,422.2,2003
türi vald,0,2003
väätsa vald,0,2003
lääne maakond,175.2,2003
haapsalu linn,0,2003
hanila vald,0,2003
kullamaa vald,175.2,2003
lihula vald,0,2003
lääne-nigula vald,0,2003
martna vald,0,2003
noarootsi vald,0,2003
nõva vald,0,2003
oru vald,0,2003
ridala vald,0,2003
risti vald,0,2003
taebla vald,0,2003
vormsi vald,0,2003
lääne-viru maakond,7943.6,2003
kunda linn,0,2003
rakvere linn,137.6,2003
tamsalu linn,0,2003
tapa linn,0,2003
avanduse vald,0,2003
haljala vald,0,2003
kadrina vald,0,2003
laekvere vald,0,2003
rakke vald,0,2003
rakvere vald,0,2003
rägavere vald,0,2003
saksi vald,0,2003
sõmeru vald,7806,2003
tamsalu vald,0,2003
tapa vald,0,2003
vihula vald,0,2003
vinni vald,0,2003
viru-nigula vald,0,2003
väike-maarja vald,0,2003
põlva maakond,0,2003
põlva linn,0,2003
räpina linn,0,2003
ahja vald,0,2003
kanepi vald,0,2003
kõlleste vald,0,2003
laheda vald,0,2003
mikitamäe vald,0,2003
mooste vald,0,2003
orava vald,0,2003
põlva vald,0,2003
räpina vald,0,2003
valgjärve vald,0,2003
vastse-kuuste vald,0,2003
veriora vald,0,2003
värska vald,0,2003
pärnu maakond,7152.8,2003
kilingi-nõmme linn,0,2003
pärnu linn,4962.3,2003
sindi linn,0,2003
are vald,0,2003
audru vald,0,2003
halinga vald,0,2003
häädemeeste vald,0,2003
kaisma vald,0,2003
kihnu vald,0,2003
koonga vald,0,2003
lavassaare vald,0,2003
paikuse vald,1814,2003
saarde vald,0,2003
sauga vald,376.5,2003
surju vald,0,2003
tahkuranna vald,0,2003
tali vald,0,2003
tootsi vald,0,2003
tori vald,0,2003
tõstamaa vald,0,2003
varbla vald,0,2003
vändra vald (town),0,2003
vändra vald,0,2003
rapla maakond,1462.3,2003
rapla linn,0,2003
juuru vald,0,2003
järvakandi vald,0,2003
kaiu vald,0,2003
kehtna vald,1306,2003
kohila vald (town),0,2003
kohila vald,156.3,2003
käru vald,0,2003
loodna vald,0,2003
märjamaa vald (town),0,2003
märjamaa vald,0,2003
raikküla vald,0,2003
rapla vald,0,2003
vigala vald,0,2003
saare maakond,610.2,2003
kuressaare linn,236.6,2003
kaarma vald,0,2003
kihelkonna vald,0,2003
kärla vald,0,2003
laimjala vald,0,2003
leisi vald,0,2003
lääne-saare vald,0,2003
lümanda vald,373.6,2003
muhu vald,0,2003
mustjala vald,0,2003
orissaare vald,0,2003
pihtla vald,0,2003
pöide vald,0,2003
ruhnu vald,0,2003
salme vald,0,2003
torgu vald,0,2003
valjala vald,0,2003
tartu maakond,11186.6,2003
elva linn,360.7,2003
kallaste linn,0,2003
tartu linn,3533,2003
alatskivi vald,0,2003
haaslava vald,0,2003
kambja vald,0,2003
konguta vald,0,2003
laeva vald,0,2003
luunja vald,0,2003
meeksi vald,0,2003
mäksa vald,0,2003
nõo vald,277.7,2003
peipsiääre vald,0,2003
piirissaare vald,0,2003
puhja vald,0,2003
rannu vald,0,2003
rõngu vald,3373.7,2003
tartu vald,0,2003
tähtvere vald,0,2003
vara vald,0,2003
võnnu vald,333.1,2003
ülenurme vald,3308.4,2003
valga maakond,16497.2,2003
tõrva linn,246.7,2003
valga linn,11731.6,2003
helme vald,3785.6,2003
hummuli vald,504.8,2003
karula vald,0,2003
otepää vald,0,2003
palupera vald,0,2003
puka vald,0,2003
põdrala vald,228.5,2003
sangaste vald,0,2003
taheva vald,0,2003
tõlliste vald,0,2003
õru vald,0,2003
viljandi maakond,5697.7,2003
mõisaküla linn,0,2003
suure-jaani linn,0,2003
viljandi linn,5540,2003
võhma linn,0,2003
abja vald,0,2003
halliste vald,0,2003
karksi vald,0,2003
kolga-jaani vald,0,2003
kõo vald,0,2003
kõpu vald,0,2003
olustvere vald,0,2003
paistu vald,0,2003
pärsti vald,0,2003
saarepeedi vald,0,2003
suure-jaani vald,0,2003
tarvastu vald,0,2003
vastemõisa vald,0,2003
viiratsi vald,157.7,2003
viljandi vald,0,2003
võru maakond,3040.8,2003
võru linn,381,2003
antsla vald,998.8,2003
haanja vald,0,2003
lasva vald,0,2003
meremäe vald,0,2003
misso vald,0,2003
mõniste vald,0,2003
rõuge vald,895,2003
sõmerpalu vald,766,2003
urvaste vald,0,2003
varstu vald,0,2003
vastseliina vald,0,2003
võru vald,0,2003
whole country,130634.5,2004
northern estonia,73684.3,2004
central estonia,13783.3,2004
northeastern estonia,2480,2004
western estonia,8729.1,2004
southern estonia,31957.8,2004
harju maakond,73684.3,2004
kehra linn,0,2004
keila linn,10017.6,2004
loksa linn,0,2004
maardu linn,7609.1,2004
paldiski linn,0,2004
saue linn,5634.8,2004
tallinn,31148,2004
aegviidu vald,0,2004
anija vald,0,2004
harku vald,2573.9,2004
jõelähtme vald,0,2004
keila vald,0,2004
kernu vald,0,2004
kiili vald,331.4,2004
kose vald,0,2004
kuusalu vald,5473,2004
kõue vald,879.1,2004
loksa vald,211.8,2004
nissi vald,0,2004
padise vald,0,2004
raasiku vald,0,2004
rae vald,5278.4,2004
saku vald,4527.2,2004
saue vald,0,2004
vasalemma vald,0,2004
viimsi vald,0,2004
hiiu maakond,0,2004
kärdla linn,0,2004
emmaste vald,0,2004
hiiu vald,0,2004
kõrgessaare vald,0,2004
käina vald,0,2004
pühalepa vald,0,2004
ida-viru maakond,2480,2004
jõhvi linn,0,2004
kiviõli linn,0,2004
kohtla-järve linn,11.7,2004
narva linn,1598.1,2004
narva-jõesuu linn,0,2004
püssi linn,0,2004
sillamäe linn,870.2,2004
alajõe vald,0,2004
aseri vald,0,2004
avinurme vald,0,2004
iisaku vald,0,2004
illuka vald,0,2004
jõhvi vald,0,2004
kohtla vald,0,2004
kohtla-nõmme vald,0,2004
lohusuu vald,0,2004
lüganuse vald,0,2004
maidla vald,0,2004
mäetaguse vald,0,2004
sonda vald,0,2004
toila vald,0,2004
tudulinna vald,0,2004
vaivara vald,0,2004
jõgeva maakond,4149.1,2004
jõgeva linn,0,2004
mustvee linn,0,2004
põltsamaa linn,228.4,2004
jõgeva vald,321.5,2004
kasepää vald,0,2004
pajusi vald,0,2004
pala vald,0,2004
palamuse vald,0,2004
puurmani vald,0,2004
põltsamaa vald,3599.2,2004
saare vald,0,2004
tabivere vald,0,2004
torma vald,0,2004
järva maakond,2540.6,2004
paide linn,0,2004
türi linn,0,2004
albu vald,0,2004
ambla vald,0,2004
imavere vald,0,2004
järva-jaani vald,0,2004
kabala vald,0,2004
kareda vald,0,2004
koeru vald,0,2004
koigi vald,0,2004
lehtse vald,0,2004
oisu vald,0,2004
paide vald,674.1,2004
roosna-alliku vald,1866.5,2004
türi vald,0,2004
väätsa vald,0,2004
lääne maakond,243.1,2004
haapsalu linn,0,2004
hanila vald,243.1,2004
kullamaa vald,0,2004
lihula vald,0,2004
lääne-nigula vald,0,2004
martna vald,0,2004
noarootsi vald,0,2004
nõva vald,0,2004
oru vald,0,2004
ridala vald,0,2004
risti vald,0,2004
taebla vald,0,2004
vormsi vald,0,2004
lääne-viru maakond,8082.4,2004
kunda linn,0,2004
rakvere linn,0,2004
tamsalu linn,0,2004
tapa linn,4069,2004
avanduse vald,0,2004
haljala vald,0,2004
kadrina vald,0,2004
laekvere vald,0,2004
rakke vald,0,2004
rakvere vald,0,2004
rägavere vald,0,2004
saksi vald,0,2004
sõmeru vald,2525.7,2004
tamsalu vald,0,2004
tapa vald,0,2004
vihula vald,0,2004
vinni vald,542.3,2004
viru-nigula vald,945.4,2004
väike-maarja vald,0,2004
põlva maakond,1016,2004
põlva linn,0,2004
räpina linn,0,2004
ahja vald,0,2004
kanepi vald,0,2004
kõlleste vald,0,2004
laheda vald,0,2004
mikitamäe vald,0,2004
mooste vald,0,2004
orava vald,0,2004
põlva vald,0,2004
räpina vald,0,2004
valgjärve vald,0,2004
vastse-kuuste vald,1016,2004
veriora vald,0,2004
värska vald,0,2004
pärnu maakond,6284.4,2004
kilingi-nõmme linn,0,2004
pärnu linn,3246.9,2004
sindi linn,0,2004
are vald,0,2004
audru vald,2583.4,2004
halinga vald,0,2004
häädemeeste vald,0,2004
kaisma vald,0,2004
kihnu vald,0,2004
koonga vald,0,2004
lavassaare vald,0,2004
paikuse vald,0,2004
saarde vald,79.8,2004
sauga vald,374.3,2004
surju vald,0,2004
tahkuranna vald,0,2004
tali vald,0,2004
tootsi vald,0,2004
tori vald,0,2004
tõstamaa vald,0,2004
varbla vald,0,2004
vändra vald (town),0,2004
vändra vald,0,2004
rapla maakond,3160.3,2004
rapla linn,0,2004
juuru vald,0,2004
järvakandi vald,0,2004
kaiu vald,0,2004
kehtna vald,0,2004
kohila vald (town),0,2004
kohila vald,0,2004
käru vald,0,2004
loodna vald,0,2004
märjamaa vald (town),0,2004
märjamaa vald,0,2004
raikküla vald,0,2004
rapla vald,3160.3,2004
vigala vald,0,2004
saare maakond,2201.6,2004
kuressaare linn,0,2004
kaarma vald,747.6,2004
kihelkonna vald,0,2004
kärla vald,0,2004
laimjala vald,0,2004
leisi vald,0,2004
lääne-saare vald,0,2004
lümanda vald,0,2004
muhu vald,0,2004
mustjala vald,0,2004
orissaare vald,0,2004
pihtla vald,1454,2004
pöide vald,0,2004
ruhnu vald,0,2004
salme vald,0,2004
torgu vald,0,2004
valjala vald,0,2004
tartu maakond,6771.2,2004
elva linn,0,2004
kallaste linn,0,2004
tartu linn,2667.6,2004
alatskivi vald,190,2004
haaslava vald,0,2004
kambja vald,0,2004
konguta vald,0,2004
laeva vald,0,2004
luunja vald,0,2004
meeksi vald,0,2004
mäksa vald,0,2004
nõo vald,0,2004
peipsiääre vald,0,2004
piirissaare vald,0,2004
puhja vald,0,2004
rannu vald,0,2004
rõngu vald,0,2004
tartu vald,3791.7,2004
tähtvere vald,0,2004
vara vald,0,2004
võnnu vald,0,2004
ülenurme vald,121.9,2004
valga maakond,3072.5,2004
tõrva linn,0,2004
valga linn,526.8,2004
helme vald,1909,2004
hummuli vald,0,2004
karula vald,0,2004
otepää vald,636.7,2004
palupera vald,0,2004
puka vald,0,2004
põdrala vald,0,2004
sangaste vald,0,2004
taheva vald,0,2004
tõlliste vald,0,2004
õru vald,0,2004
viljandi maakond,13244.5,2004
mõisaküla linn,0,2004
suure-jaani linn,0,2004
viljandi linn,1005.1,2004
võhma linn,0,2004
abja vald,0,2004
halliste vald,0,2004
karksi vald,5943.4,2004
kolga-jaani vald,0,2004
kõo vald,0,2004
kõpu vald,0,2004
olustvere vald,0,2004
paistu vald,0,2004
pärsti vald,0,2004
saarepeedi vald,1096,2004
suure-jaani vald,0,2004
tarvastu vald,0,2004
vastemõisa vald,0,2004
viiratsi vald,5200,2004
viljandi vald,0,2004
võru maakond,3704.5,2004
võru linn,369.7,2004
antsla vald,1845.9,2004
haanja vald,0,2004
lasva vald,0,2004
meremäe vald,0,2004
misso vald,0,2004
mõniste vald,0,2004
rõuge vald,0,2004
sõmerpalu vald,1237,2004
urvaste vald,0,2004
varstu vald,0,2004
vastseliina vald,0,2004
võru vald,251.9,2004
whole country,108567.2,2005
northern estonia,35991.2,2005
central estonia,10992.7,2005
northeastern estonia,1088.5,2005
western estonia,43819.8,2005
southern estonia,16675,2005
harju maakond,35991.2,2005
kehra linn,0,2005
keila linn,0,2005
loksa linn,2133.3,2005
maardu linn,968.4,2005
paldiski linn,0,2005
saue linn,2166.6,2005
tallinn,14515.4,2005
aegviidu vald,0,2005
anija vald,66,2005
harku vald,3609.6,2005
jõelähtme vald,0,2005
keila vald,0,2005
kernu vald,0,2005
kiili vald,0,2005
kose vald,4718,2005
kuusalu vald,0,2005
kõue vald,0,2005
loksa vald,0,2005
nissi vald,0,2005
padise vald,0,2005
raasiku vald,0,2005
rae vald,6559.3,2005
saku vald,0,2005
saue vald,0,2005
vasalemma vald,0,2005
viimsi vald,1254.6,2005
hiiu maakond,0,2005
kärdla linn,0,2005
emmaste vald,0,2005
hiiu vald,0,2005
kõrgessaare vald,0,2005
käina vald,0,2005
pühalepa vald,0,2005
ida-viru maakond,1088.5,2005
jõhvi linn,0,2005
kiviõli linn,0,2005
kohtla-järve linn,0,2005
narva linn,0,2005
narva-jõesuu linn,0,2005
püssi linn,0,2005
sillamäe linn,0,2005
alajõe vald,0,2005
aseri vald,0,2005
avinurme vald,0,2005
iisaku vald,0,2005
illuka vald,0,2005
jõhvi vald,1088.5,2005
kohtla vald,0,2005
kohtla-nõmme vald,0,2005
lohusuu vald,0,2005
lüganuse vald,0,2005
maidla vald,0,2005
mäetaguse vald,0,2005
sonda vald,0,2005
toila vald,0,2005
tudulinna vald,0,2005
vaivara vald,0,2005
jõgeva maakond,410.3,2005
jõgeva linn,0,2005
mustvee linn,0,2005
põltsamaa linn,0,2005
jõgeva vald,410.3,2005
kasepää vald,0,2005
pajusi vald,0,2005
pala vald,0,2005
palamuse vald,0,2005
puurmani vald,0,2005
põltsamaa vald,0,2005
saare vald,0,2005
tabivere vald,0,2005
torma vald,0,2005
järva maakond,10108.1,2005
paide linn,0,2005
türi linn,0,2005
albu vald,0,2005
ambla vald,0,2005
imavere vald,10108.1,2005
järva-jaani vald,0,2005
kabala vald,0,2005
kareda vald,0,2005
koeru vald,0,2005
koigi vald,0,2005
lehtse vald,0,2005
oisu vald,0,2005
paide vald,0,2005
roosna-alliku vald,0,2005
türi vald,0,2005
väätsa vald,0,2005
lääne maakond,0,2005
haapsalu linn,0,2005
hanila vald,0,2005
kullamaa vald,0,2005
lihula vald,0,2005
lääne-nigula vald,0,2005
martna vald,0,2005
noarootsi vald,0,2005
nõva vald,0,2005
oru vald,0,2005
ridala vald,0,2005
risti vald,0,2005
taebla vald,0,2005
vormsi vald,0,2005
lääne-viru maakond,0,2005
kunda linn,0,2005
rakvere linn,0,2005
tamsalu linn,0,2005
tapa linn,0,2005
avanduse vald,0,2005
haljala vald,0,2005
kadrina vald,0,2005
laekvere vald,0,2005
rakke vald,0,2005
rakvere vald,0,2005
rägavere vald,0,2005
saksi vald,0,2005
sõmeru vald,0,2005
tamsalu vald,0,2005
tapa vald,0,2005
vihula vald,0,2005
vinni vald,0,2005
viru-nigula vald,0,2005
väike-maarja vald,0,2005
põlva maakond,1698.3,2005
põlva linn,144.7,2005
räpina linn,0,2005
ahja vald,0,2005
kanepi vald,0,2005
kõlleste vald,0,2005
laheda vald,0,2005
mikitamäe vald,0,2005
mooste vald,0,2005
orava vald,0,2005
põlva vald,0,2005
räpina vald,1553.6,2005
valgjärve vald,0,2005
vastse-kuuste vald,0,2005
veriora vald,0,2005
värska vald,0,2005
pärnu maakond,42651,2005
kilingi-nõmme linn,0,2005
pärnu linn,34410.8,2005
sindi linn,0,2005
are vald,929.2,2005
audru vald,0,2005
halinga vald,0,2005
häädemeeste vald,0,2005
kaisma vald,124.3,2005
kihnu vald,0,2005
koonga vald,0,2005
lavassaare vald,723.1,2005
paikuse vald,5052.4,2005
saarde vald,0,2005
sauga vald,511.7,2005
surju vald,0,2005
tahkuranna vald,899.5,2005
tali vald,0,2005
tootsi vald,0,2005
tori vald,0,2005
tõstamaa vald,0,2005
varbla vald,0,2005
vändra vald (town),0,2005
vändra vald,0,2005
rapla maakond,884.6,2005
rapla linn,0,2005
juuru vald,0,2005
järvakandi vald,0,2005
kaiu vald,0,2005
kehtna vald,0,2005
kohila vald (town),0,2005
kohila vald,0,2005
käru vald,0,2005
loodna vald,0,2005
märjamaa vald (town),0,2005
märjamaa vald,0,2005
raikküla vald,0,2005
rapla vald,884.6,2005
vigala vald,0,2005
saare maakond,1168.8,2005
kuressaare linn,0,2005
kaarma vald,531.8,2005
kihelkonna vald,0,2005
kärla vald,0,2005
laimjala vald,0,2005
leisi vald,0,2005
lääne-saare vald,0,2005
lümanda vald,0,2005
muhu vald,0,2005
mustjala vald,0,2005
orissaare vald,0,2005
pihtla vald,0,2005
pöide vald,0,2005
ruhnu vald,0,2005
salme vald,0,2005
torgu vald,0,2005
valjala vald,637,2005
tartu maakond,7952.4,2005
elva linn,482,2005
kallaste linn,0,2005
tartu linn,1355.8,2005
alatskivi vald,0,2005
haaslava vald,0,2005
kambja vald,0,2005
konguta vald,0,2005
laeva vald,0,2005
luunja vald,1923.9,2005
meeksi vald,0,2005
mäksa vald,0,2005
nõo vald,0,2005
peipsiääre vald,0,2005
piirissaare vald,0,2005
puhja vald,0,2005
rannu vald,0,2005
rõngu vald,0,2005
tartu vald,2019.4,2005
tähtvere vald,0,2005
vara vald,0,2005
võnnu vald,543.6,2005
ülenurme vald,1627.7,2005
valga maakond,3158,2005
tõrva linn,0,2005
valga linn,0,2005
helme vald,288.9,2005
hummuli vald,0,2005
karula vald,0,2005
otepää vald,742.2,2005
palupera vald,0,2005
puka vald,0,2005
põdrala vald,0,2005
sangaste vald,2126.9,2005
taheva vald,0,2005
tõlliste vald,0,2005
õru vald,0,2005
viljandi maakond,535,2005
mõisaküla linn,0,2005
suure-jaani linn,0,2005
viljandi linn,15,2005
võhma linn,0,2005
abja vald,0,2005
halliste vald,0,2005
karksi vald,520,2005
kolga-jaani vald,0,2005
kõo vald,0,2005
kõpu vald,0,2005
olustvere vald,0,2005
paistu vald,0,2005
pärsti vald,0,2005
saarepeedi vald,0,2005
suure-jaani vald,0,2005
tarvastu vald,0,2005
vastemõisa vald,0,2005
viiratsi vald,0,2005
viljandi vald,0,2005
võru maakond,2921,2005
võru linn,0,2005
antsla vald,0,2005
haanja vald,0,2005
lasva vald,0,2005
meremäe vald,0,2005
misso vald,0,2005
mõniste vald,0,2005
rõuge vald,0,2005
sõmerpalu vald,0,2005
urvaste vald,0,2005
varstu vald,1094.7,2005
vastseliina vald,0,2005
võru vald,1826.3,2005
whole country,182594.8,2006
northern estonia,88251,2006
central estonia,29008,2006
northeastern estonia,2075.4,2006
western estonia,22410,2006
southern estonia,40850.4,2006
harju maakond,88251,2006
kehra linn,0,2006
keila linn,0,2006
loksa linn,0,2006
maardu linn,4111.3,2006
paldiski linn,0,2006
saue linn,4726.5,2006
tallinn,12395.8,2006
aegviidu vald,0,2006
anija vald,0,2006
harku vald,4026,2006
jõelähtme vald,0,2006
keila vald,0,2006
kernu vald,734.4,2006
kiili vald,0,2006
kose vald,0,2006
kuusalu vald,0,2006
kõue vald,0,2006
loksa vald,0,2006
nissi vald,0,2006
padise vald,0,2006
raasiku vald,0,2006
rae vald,13576.6,2006
saku vald,0,2006
saue vald,13244.5,2006
vasalemma vald,834.3,2006
viimsi vald,34601.6,2006
hiiu maakond,1293.6,2006
kärdla linn,1293.6,2006
emmaste vald,0,2006
hiiu vald,0,2006
kõrgessaare vald,0,2006
käina vald,0,2006
pühalepa vald,0,2006
ida-viru maakond,2075.4,2006
jõhvi linn,0,2006
kiviõli linn,0,2006
kohtla-järve linn,0,2006
narva linn,678.6,2006
narva-jõesuu linn,0,2006
püssi linn,0,2006
sillamäe linn,0,2006
alajõe vald,0,2006
aseri vald,0,2006
avinurme vald,0,2006
iisaku vald,0,2006
illuka vald,0,2006
jõhvi vald,243.6,2006
kohtla vald,0,2006
kohtla-nõmme vald,0,2006
lohusuu vald,0,2006
lüganuse vald,0,2006
maidla vald,0,2006
mäetaguse vald,67,2006
sonda vald,0,2006
toila vald,0,2006
tudulinna vald,975,2006
vaivara vald,111.2,2006
jõgeva maakond,0,2006
jõgeva linn,0,2006
mustvee linn,0,2006
põltsamaa linn,0,2006
jõgeva vald,0,2006
kasepää vald,0,2006
pajusi vald,0,2006
pala vald,0,2006
palamuse vald,0,2006
puurmani vald,0,2006
põltsamaa vald,0,2006
saare vald,0,2006
tabivere vald,0,2006
torma vald,0,2006
järva maakond,15755.9,2006
paide linn,4121.9,2006
türi linn,0,2006
albu vald,0,2006
ambla vald,0,2006
imavere vald,2203.8,2006
järva-jaani vald,0,2006
kabala vald,0,2006
kareda vald,0,2006
koeru vald,0,2006
koigi vald,0,2006
lehtse vald,0,2006
oisu vald,0,2006
paide vald,9430.2,2006
roosna-alliku vald,0,2006
türi vald,0,2006
väätsa vald,0,2006
lääne maakond,1150,2006
haapsalu linn,1150,2006
hanila vald,0,2006
kullamaa vald,0,2006
lihula vald,0,2006
lääne-nigula vald,0,2006
martna vald,0,2006
noarootsi vald,0,2006
nõva vald,0,2006
oru vald,0,2006
ridala vald,0,2006
risti vald,0,2006
taebla vald,0,2006
vormsi vald,0,2006
lääne-viru maakond,13252.1,2006
kunda linn,0,2006
rakvere linn,458,2006
tamsalu linn,0,2006
tapa linn,0,2006
avanduse vald,0,2006
haljala vald,0,2006
kadrina vald,5051.6,2006
laekvere vald,0,2006
rakke vald,0,2006
rakvere vald,0,2006
rägavere vald,0,2006
saksi vald,0,2006
sõmeru vald,0,2006
tamsalu vald,0,2006
tapa vald,1147.9,2006
vihula vald,0,2006
vinni vald,0,2006
viru-nigula vald,5175.3,2006
väike-maarja vald,1419.3,2006
põlva maakond,760,2006
põlva linn,0,2006
räpina linn,0,2006
ahja vald,0,2006
kanepi vald,0,2006
kõlleste vald,0,2006
laheda vald,0,2006
mikitamäe vald,0,2006
mooste vald,0,2006
orava vald,0,2006
põlva vald,0,2006
räpina vald,760,2006
valgjärve vald,0,2006
vastse-kuuste vald,0,2006
veriora vald,0,2006
värska vald,0,2006
pärnu maakond,16232.9,2006
kilingi-nõmme linn,0,2006
pärnu linn,5954.8,2006
sindi linn,0,2006
are vald,0,2006
audru vald,8818.3,2006
halinga vald,0,2006
häädemeeste vald,1385.8,2006
kaisma vald,0,2006
kihnu vald,0,2006
koonga vald,0,2006
lavassaare vald,0,2006
paikuse vald,0,2006
saarde vald,0,2006
sauga vald,27.8,2006
surju vald,0,2006
tahkuranna vald,0,2006
tali vald,0,2006
tootsi vald,0,2006
tori vald,0,2006
tõstamaa vald,0,2006
varbla vald,0,2006
vändra vald (town),0,2006
vändra vald,46.2,2006
rapla maakond,0,2006
rapla linn,0,2006
juuru vald,0,2006
järvakandi vald,0,2006
kaiu vald,0,2006
kehtna vald,0,2006
kohila vald (town),0,2006
kohila vald,0,2006
käru vald,0,2006
loodna vald,0,2006
märjamaa vald (town),0,2006
märjamaa vald,0,2006
raikküla vald,0,2006
rapla vald,0,2006
vigala vald,0,2006
saare maakond,3733.5,2006
kuressaare linn,3733.5,2006
kaarma vald,0,2006
kihelkonna vald,0,2006
kärla vald,0,2006
laimjala vald,0,2006
leisi vald,0,2006
lääne-saare vald,0,2006
lümanda vald,0,2006
muhu vald,0,2006
mustjala vald,0,2006
orissaare vald,0,2006
pihtla vald,0,2006
pöide vald,0,2006
ruhnu vald,0,2006
salme vald,0,2006
torgu vald,0,2006
valjala vald,0,2006
tartu maakond,29691.2,2006
elva linn,1440,2006
kallaste linn,0,2006
tartu linn,0,2006
alatskivi vald,0,2006
haaslava vald,0,2006
kambja vald,0,2006
konguta vald,0,2006
laeva vald,0,2006
luunja vald,0,2006
meeksi vald,165.8,2006
mäksa vald,0,2006
nõo vald,0,2006
peipsiääre vald,0,2006
piirissaare vald,0,2006
puhja vald,0,2006
rannu vald,0,2006
rõngu vald,0,2006
tartu vald,3830.1,2006
tähtvere vald,21346.4,2006
vara vald,0,2006
võnnu vald,0,2006
ülenurme vald,2908.9,2006
valga maakond,4217.3,2006
tõrva linn,0,2006
valga linn,0,2006
helme vald,0,2006
hummuli vald,0,2006
karula vald,0,2006
otepää vald,2345.3,2006
palupera vald,0,2006
puka vald,0,2006
põdrala vald,0,2006
sangaste vald,0,2006
taheva vald,0,2006
tõlliste vald,1872,2006
õru vald,0,2006
viljandi maakond,3949,2006
mõisaküla linn,0,2006
suure-jaani linn,0,2006
viljandi linn,2637.4,2006
võhma linn,0,2006
abja vald,0,2006
halliste vald,0,2006
karksi vald,0,2006
kolga-jaani vald,0,2006
kõo vald,0,2006
kõpu vald,0,2006
olustvere vald,0,2006
paistu vald,0,2006
pärsti vald,0,2006
saarepeedi vald,73.2,2006
suure-jaani vald,0,2006
tarvastu vald,119.2,2006
vastemõisa vald,0,2006
viiratsi vald,1119.2,2006
viljandi vald,0,2006
võru maakond,2232.9,2006
võru linn,0,2006
antsla vald,0,2006
haanja vald,0,2006
lasva vald,0,2006
meremäe vald,0,2006
misso vald,0,2006
mõniste vald,0,2006
rõuge vald,0,2006
sõmerpalu vald,0,2006
urvaste vald,0,2006
varstu vald,0,2006
vastseliina vald,110,2006
võru vald,2122.9,2006
whole country,178474.3,2007
northern estonia,81122.7,2007
central estonia,25384.6,2007
northeastern estonia,999,2007
western estonia,13996.2,2007
southern estonia,56971.8,2007
harju maakond,81122.7,2007
kehra linn,0,2007
keila linn,0,2007
loksa linn,0,2007
maardu linn,17035.3,2007
paldiski linn,0,2007
saue linn,0,2007
tallinn,26695.9,2007
aegviidu vald,0,2007
anija vald,0,2007
harku vald,714.8,2007
jõelähtme vald,0,2007
keila vald,0,2007
kernu vald,0,2007
kiili vald,0,2007
kose vald,2897.5,2007
kuusalu vald,686.9,2007
kõue vald,0,2007
loksa vald,0,2007
nissi vald,0,2007
padise vald,0,2007
raasiku vald,0,2007
rae vald,26411.3,2007
saku vald,3870.8,2007
saue vald,1549.2,2007
vasalemma vald,0,2007
viimsi vald,1261,2007
hiiu maakond,0,2007
kärdla linn,0,2007
emmaste vald,0,2007
hiiu vald,0,2007
kõrgessaare vald,0,2007
käina vald,0,2007
pühalepa vald,0,2007
ida-viru maakond,999,2007
jõhvi linn,0,2007
kiviõli linn,0,2007
kohtla-järve linn,0,2007
narva linn,454.6,2007
narva-jõesuu linn,0,2007
püssi linn,0,2007
sillamäe linn,144.4,2007
alajõe vald,0,2007
aseri vald,0,2007
avinurme vald,0,2007
iisaku vald,0,2007
illuka vald,0,2007
jõhvi vald,400,2007
kohtla vald,0,2007
kohtla-nõmme vald,0,2007
lohusuu vald,0,2007
lüganuse vald,0,2007
maidla vald,0,2007
mäetaguse vald,0,2007
sonda vald,0,2007
toila vald,0,2007
tudulinna vald,0,2007
vaivara vald,0,2007
jõgeva maakond,1010.2,2007
jõgeva linn,762,2007
mustvee linn,0,2007
põltsamaa linn,0,2007
jõgeva vald,0,2007
kasepää vald,0,2007
pajusi vald,0,2007
pala vald,0,2007
palamuse vald,0,2007
puurmani vald,0,2007
põltsamaa vald,248.2,2007
saare vald,0,2007
tabivere vald,0,2007
torma vald,0,2007
järva maakond,17996.4,2007
paide linn,1903.7,2007
türi linn,0,2007
albu vald,0,2007
ambla vald,0,2007
imavere vald,233,2007
järva-jaani vald,0,2007
kabala vald,0,2007
kareda vald,0,2007
koeru vald,1740.9,2007
koigi vald,3669.5,2007
lehtse vald,0,2007
oisu vald,0,2007
paide vald,10449.3,2007
roosna-alliku vald,0,2007
türi vald,0,2007
väätsa vald,0,2007
lääne maakond,2232.7,2007
haapsalu linn,0,2007
hanila vald,0,2007
kullamaa vald,0,2007
lihula vald,0,2007
lääne-nigula vald,0,2007
martna vald,0,2007
noarootsi vald,0,2007
nõva vald,0,2007
oru vald,0,2007
ridala vald,2232.7,2007
risti vald,0,2007
taebla vald,0,2007
vormsi vald,0,2007
lääne-viru maakond,6619.2,2007
kunda linn,0,2007
rakvere linn,0,2007
tamsalu linn,0,2007
tapa linn,0,2007
avanduse vald,0,2007
haljala vald,0,2007
kadrina vald,4135,2007
laekvere vald,0,2007
rakke vald,0,2007
rakvere vald,2484.2,2007
rägavere vald,0,2007
saksi vald,0,2007
sõmeru vald,0,2007
tamsalu vald,0,2007
tapa vald,0,2007
vihula vald,0,2007
vinni vald,0,2007
viru-nigula vald,0,2007
väike-maarja vald,0,2007
põlva maakond,837.7,2007
põlva linn,837.7,2007
räpina linn,0,2007
ahja vald,0,2007
kanepi vald,0,2007
kõlleste vald,0,2007
laheda vald,0,2007
mikitamäe vald,0,2007
mooste vald,0,2007
orava vald,0,2007
põlva vald,0,2007
räpina vald,0,2007
valgjärve vald,0,2007
vastse-kuuste vald,0,2007
veriora vald,0,2007
värska vald,0,2007
pärnu maakond,9083.6,2007
kilingi-nõmme linn,0,2007
pärnu linn,1771.6,2007
sindi linn,0,2007
are vald,0,2007
audru vald,7312,2007
halinga vald,0,2007
häädemeeste vald,0,2007
kaisma vald,0,2007
kihnu vald,0,2007
koonga vald,0,2007
lavassaare vald,0,2007
paikuse vald,0,2007
saarde vald,0,2007
sauga vald,0,2007
surju vald,0,2007
tahkuranna vald,0,2007
tali vald,0,2007
tootsi vald,0,2007
tori vald,0,2007
tõstamaa vald,0,2007
varbla vald,0,2007
vändra vald (town),0,2007
vändra vald,0,2007
rapla maakond,769,2007
rapla linn,0,2007
juuru vald,0,2007
järvakandi vald,0,2007
kaiu vald,0,2007
kehtna vald,0,2007
kohila vald (town),0,2007
kohila vald,0,2007
käru vald,0,2007
loodna vald,0,2007
märjamaa vald (town),0,2007
märjamaa vald,769,2007
raikküla vald,0,2007
rapla vald,0,2007
vigala vald,0,2007
saare maakond,2679.9,2007
kuressaare linn,2679.9,2007
kaarma vald,0,2007
kihelkonna vald,0,2007
kärla vald,0,2007
laimjala vald,0,2007
leisi vald,0,2007
lääne-saare vald,0,2007
lümanda vald,0,2007
muhu vald,0,2007
mustjala vald,0,2007
orissaare vald,0,2007
pihtla vald,0,2007
pöide vald,0,2007
ruhnu vald,0,2007
salme vald,0,2007
torgu vald,0,2007
valjala vald,0,2007
tartu maakond,44159.9,2007
elva linn,0,2007
kallaste linn,0,2007
tartu linn,0,2007
alatskivi vald,0,2007
haaslava vald,0,2007
kambja vald,667.3,2007
konguta vald,0,2007
laeva vald,0,2007
luunja vald,11353.5,2007
meeksi vald,0,2007
mäksa vald,0,2007
nõo vald,0,2007
peipsiääre vald,0,2007
piirissaare vald,0,2007
puhja vald,0,2007
rannu vald,0,2007
rõngu vald,712,2007
tartu vald,4845.8,2007
tähtvere vald,23489.9,2007
vara vald,0,2007
võnnu vald,0,2007
ülenurme vald,3091.4,2007
valga maakond,5002,2007
tõrva linn,0,2007
valga linn,0,2007
helme vald,0,2007
hummuli vald,0,2007
karula vald,0,2007
otepää vald,0,2007
palupera vald,0,2007
puka vald,5002,2007
põdrala vald,0,2007
sangaste vald,0,2007
taheva vald,0,2007
tõlliste vald,0,2007
õru vald,0,2007
viljandi maakond,3458.8,2007
mõisaküla linn,0,2007
suure-jaani linn,0,2007
viljandi linn,0,2007
võhma linn,0,2007
abja vald,0,2007
halliste vald,0,2007
karksi vald,1025.2,2007
kolga-jaani vald,0,2007
kõo vald,0,2007
kõpu vald,0,2007
olustvere vald,0,2007
paistu vald,0,2007
pärsti vald,0,2007
saarepeedi vald,0,2007
suure-jaani vald,2433.6,2007
tarvastu vald,0,2007
vastemõisa vald,0,2007
viiratsi vald,0,2007
viljandi vald,0,2007
võru maakond,2503.2,2007
võru linn,1847.2,2007
antsla vald,0,2007
haanja vald,0,2007
lasva vald,0,2007
meremäe vald,0,2007
misso vald,0,2007
mõniste vald,0,2007
rõuge vald,0,2007
sõmerpalu vald,0,2007
urvaste vald,0,2007
varstu vald,0,2007
vastseliina vald,0,2007
võru vald,656,2007
whole country,128108.8,2008
northern estonia,66588.8,2008
central estonia,9346.2,2008
northeastern estonia,511.4,2008
western estonia,7459.9,2008
southern estonia,44202.5,2008
harju maakond,66588.8,2008
kehra linn,0,2008
keila linn,0,2008
loksa linn,0,2008
maardu linn,6091.1,2008
paldiski linn,1600,2008
saue linn,9394.4,2008
tallinn,5748.3,2008
aegviidu vald,0,2008
anija vald,108,2008
harku vald,0,2008
jõelähtme vald,9792.8,2008
keila vald,173.8,2008
kernu vald,0,2008
kiili vald,0,2008
kose vald,868.3,2008
kuusalu vald,500,2008
kõue vald,4771.7,2008
loksa vald,0,2008
nissi vald,0,2008
padise vald,2060,2008
raasiku vald,0,2008
rae vald,17499.4,2008
saku vald,7981,2008
saue vald,0,2008
vasalemma vald,0,2008
viimsi vald,0,2008
hiiu maakond,0,2008
kärdla linn,0,2008
emmaste vald,0,2008
hiiu vald,0,2008
kõrgessaare vald,0,2008
käina vald,0,2008
pühalepa vald,0,2008
ida-viru maakond,511.4,2008
jõhvi linn,0,2008
kiviõli linn,0,2008
kohtla-järve linn,377.5,2008
narva linn,0,2008
narva-jõesuu linn,0,2008
püssi linn,0,2008
sillamäe linn,0,2008
alajõe vald,0,2008
aseri vald,0,2008
avinurme vald,0,2008
iisaku vald,0,2008
illuka vald,0,2008
jõhvi vald,0,2008
kohtla vald,133.9,2008
kohtla-nõmme vald,0,2008
lohusuu vald,0,2008
lüganuse vald,0,2008
maidla vald,0,2008
mäetaguse vald,0,2008
sonda vald,0,2008
toila vald,0,2008
tudulinna vald,0,2008
vaivara vald,0,2008
jõgeva maakond,43.5,2008
jõgeva linn,0,2008
mustvee linn,0,2008
põltsamaa linn,0,2008
jõgeva vald,43.5,2008
kasepää vald,0,2008
pajusi vald,0,2008
pala vald,0,2008
palamuse vald,0,2008
puurmani vald,0,2008
põltsamaa vald,0,2008
saare vald,0,2008
tabivere vald,0,2008
torma vald,0,2008
järva maakond,4553.8,2008
paide linn,0,2008
türi linn,0,2008
albu vald,0,2008
ambla vald,0,2008
imavere vald,1971.8,2008
järva-jaani vald,0,2008
kabala vald,0,2008
kareda vald,0,2008
koeru vald,0,2008
koigi vald,0,2008
lehtse vald,0,2008
oisu vald,0,2008
paide vald,2582,2008
roosna-alliku vald,0,2008
türi vald,0,2008
väätsa vald,0,2008
lääne maakond,2009.5,2008
haapsalu linn,168.7,2008
hanila vald,0,2008
kullamaa vald,0,2008
lihula vald,0,2008
lääne-nigula vald,0,2008
martna vald,0,2008
noarootsi vald,0,2008
nõva vald,271,2008
oru vald,0,2008
ridala vald,1569.8,2008
risti vald,0,2008
taebla vald,0,2008
vormsi vald,0,2008
lääne-viru maakond,4419.1,2008
kunda linn,0,2008
rakvere linn,0,2008
tamsalu linn,0,2008
tapa linn,0,2008
avanduse vald,0,2008
haljala vald,437.1,2008
kadrina vald,3328.4,2008
laekvere vald,0,2008
rakke vald,0,2008
rakvere vald,0,2008
rägavere vald,0,2008
saksi vald,0,2008
sõmeru vald,615.6,2008
tamsalu vald,0,2008
tapa vald,38,2008
vihula vald,0,2008
vinni vald,0,2008
viru-nigula vald,0,2008
väike-maarja vald,0,2008
põlva maakond,1655.1,2008
põlva linn,0,2008
räpina linn,0,2008
ahja vald,0,2008
kanepi vald,1570.2,2008
kõlleste vald,0,2008
laheda vald,0,2008
mikitamäe vald,0,2008
mooste vald,0,2008
orava vald,0,2008
põlva vald,0,2008
räpina vald,0,2008
valgjärve vald,0,2008
vastse-kuuste vald,0,2008
veriora vald,84.9,2008
värska vald,0,2008
pärnu maakond,1247,2008
kilingi-nõmme linn,0,2008
pärnu linn,0,2008
sindi linn,0,2008
are vald,0,2008
audru vald,0,2008
halinga vald,0,2008
häädemeeste vald,0,2008
kaisma vald,0,2008
kihnu vald,0,2008
koonga vald,0,2008
lavassaare vald,0,2008
paikuse vald,0,2008
saarde vald,622.4,2008
sauga vald,0,2008
surju vald,0,2008
tahkuranna vald,0,2008
tali vald,0,2008
tootsi vald,0,2008
tori vald,0,2008
tõstamaa vald,0,2008
varbla vald,0,2008
vändra vald (town),624.6,2008
vändra vald,0,2008
rapla maakond,373.3,2008
rapla linn,0,2008
juuru vald,0,2008
järvakandi vald,0,2008
kaiu vald,0,2008
kehtna vald,0,2008
kohila vald (town),0,2008
kohila vald,373.3,2008
käru vald,0,2008
loodna vald,0,2008
märjamaa vald (town),0,2008
märjamaa vald,0,2008
raikküla vald,0,2008
rapla vald,0,2008
vigala vald,0,2008
saare maakond,4203.4,2008
kuressaare linn,3465.2,2008
kaarma vald,738.2,2008
kihelkonna vald,0,2008
kärla vald,0,2008
laimjala vald,0,2008
leisi vald,0,2008
lääne-saare vald,0,2008
lümanda vald,0,2008
muhu vald,0,2008
mustjala vald,0,2008
orissaare vald,0,2008
pihtla vald,0,2008
pöide vald,0,2008
ruhnu vald,0,2008
salme vald,0,2008
torgu vald,0,2008
valjala vald,0,2008
tartu maakond,34657.9,2008
elva linn,0,2008
kallaste linn,0,2008
tartu linn,22053,2008
alatskivi vald,0,2008
haaslava vald,0,2008
kambja vald,0,2008
konguta vald,0,2008
laeva vald,0,2008
luunja vald,0,2008
meeksi vald,0,2008
mäksa vald,0,2008
nõo vald,0,2008
peipsiääre vald,0,2008
piirissaare vald,0,2008
puhja vald,0,2008
rannu vald,1049.6,2008
rõngu vald,1367.7,2008
tartu vald,6176.5,2008
tähtvere vald,0,2008
vara vald,0,2008
võnnu vald,1025,2008
ülenurme vald,2986.1,2008
valga maakond,3501.1,2008
tõrva linn,0,2008
valga linn,0,2008
helme vald,3144,2008
hummuli vald,0,2008
karula vald,0,2008
otepää vald,0,2008
palupera vald,357.1,2008
puka vald,0,2008
põdrala vald,0,2008
sangaste vald,0,2008
taheva vald,0,2008
tõlliste vald,0,2008
õru vald,0,2008
viljandi maakond,2653.9,2008
mõisaküla linn,0,2008
suure-jaani linn,0,2008
viljandi linn,0,2008
võhma linn,0,2008
abja vald,0,2008
halliste vald,0,2008
karksi vald,2653.9,2008
kolga-jaani vald,0,2008
kõo vald,0,2008
kõpu vald,0,2008
olustvere vald,0,2008
paistu vald,0,2008
pärsti vald,0,2008
saarepeedi vald,0,2008
suure-jaani vald,0,2008
tarvastu vald,0,2008
vastemõisa vald,0,2008
viiratsi vald,0,2008
viljandi vald,0,2008
võru maakond,1691,2008
võru linn,0,2008
antsla vald,0,2008
haanja vald,1691,2008
lasva vald,0,2008
meremäe vald,0,2008
misso vald,0,2008
mõniste vald,0,2008
rõuge vald,0,2008
sõmerpalu vald,0,2008
urvaste vald,0,2008
varstu vald,0,2008
vastseliina vald,0,2008
võru vald,0,2008
whole country,122822.8,2009
northern estonia,41846.2,2009
central estonia,34210.6,2009
northeastern estonia,9690.9,2009
western estonia,10385.7,2009
southern estonia,26689.4,2009
harju maakond,41846.2,2009
kehra linn,0,2009
keila linn,0,2009
loksa linn,0,2009
maardu linn,2019.4,2009
paldiski linn,4828.6,2009
saue linn,2012.2,2009
tallinn,16825.6,2009
aegviidu vald,0,2009
anija vald,0,2009
harku vald,10099.4,2009
jõelähtme vald,0,2009
keila vald,0,2009
kernu vald,0,2009
kiili vald,0,2009
kose vald,0,2009
kuusalu vald,0,2009
kõue vald,0,2009
loksa vald,0,2009
nissi vald,0,2009
padise vald,1125,2009
raasiku vald,0,2009
rae vald,4936,2009
saku vald,0,2009
saue vald,0,2009
vasalemma vald,0,2009
viimsi vald,0,2009
hiiu maakond,0,2009
kärdla linn,0,2009
emmaste vald,0,2009
hiiu vald,0,2009
kõrgessaare vald,0,2009
käina vald,0,2009
pühalepa vald,0,2009
ida-viru maakond,9690.9,2009
jõhvi linn,0,2009
kiviõli linn,0,2009
kohtla-järve linn,4840,2009
narva linn,2402.9,2009
narva-jõesuu linn,0,2009
püssi linn,0,2009
sillamäe linn,2223,2009
alajõe vald,0,2009
aseri vald,0,2009
avinurme vald,0,2009
iisaku vald,0,2009
illuka vald,0,2009
jõhvi vald,0,2009
kohtla vald,0,2009
kohtla-nõmme vald,0,2009
lohusuu vald,0,2009
lüganuse vald,0,2009
maidla vald,0,2009
mäetaguse vald,0,2009
sonda vald,0,2009
toila vald,0,2009
tudulinna vald,0,2009
vaivara vald,225,2009
jõgeva maakond,95.9,2009
jõgeva linn,82.4,2009
mustvee linn,0,2009
põltsamaa linn,0,2009
jõgeva vald,13.5,2009
kasepää vald,0,2009
pajusi vald,0,2009
pala vald,0,2009
palamuse vald,0,2009
puurmani vald,0,2009
põltsamaa vald,0,2009
saare vald,0,2009
tabivere vald,0,2009
torma vald,0,2009
järva maakond,0,2009
paide linn,0,2009
türi linn,0,2009
albu vald,0,2009
ambla vald,0,2009
imavere vald,0,2009
järva-jaani vald,0,2009
kabala vald,0,2009
kareda vald,0,2009
koeru vald,0,2009
koigi vald,0,2009
lehtse vald,0,2009
oisu vald,0,2009
paide vald,0,2009
roosna-alliku vald,0,2009
türi vald,0,2009
väätsa vald,0,2009
lääne maakond,513,2009
haapsalu linn,0,2009
hanila vald,242,2009
kullamaa vald,0,2009
lihula vald,0,2009
lääne-nigula vald,0,2009
martna vald,0,2009
noarootsi vald,0,2009
nõva vald,271,2009
oru vald,0,2009
ridala vald,0,2009
risti vald,0,2009
taebla vald,0,2009
vormsi vald,0,2009
lääne-viru maakond,25192.9,2009
kunda linn,22657,2009
rakvere linn,221.9,2009
tamsalu linn,0,2009
tapa linn,0,2009
avanduse vald,0,2009
haljala vald,0,2009
kadrina vald,0,2009
laekvere vald,0,2009
rakke vald,0,2009
rakvere vald,0,2009
rägavere vald,0,2009
saksi vald,0,2009
sõmeru vald,429.6,2009
tamsalu vald,0,2009
tapa vald,0,2009
vihula vald,0,2009
vinni vald,0,2009
viru-nigula vald,1114.8,2009
väike-maarja vald,769.6,2009
põlva maakond,1679.8,2009
põlva linn,0,2009
räpina linn,0,2009
ahja vald,0,2009
kanepi vald,0,2009
kõlleste vald,0,2009
laheda vald,0,2009
mikitamäe vald,0,2009
mooste vald,0,2009
orava vald,0,2009
põlva vald,0,2009
räpina vald,1679.8,2009
valgjärve vald,0,2009
vastse-kuuste vald,0,2009
veriora vald,0,2009
värska vald,0,2009
pärnu maakond,3042.3,2009
kilingi-nõmme linn,0,2009
pärnu linn,61.2,2009
sindi linn,1516.4,2009
are vald,999.7,2009
audru vald,465,2009
halinga vald,0,2009
häädemeeste vald,0,2009
kaisma vald,0,2009
kihnu vald,0,2009
koonga vald,0,2009
lavassaare vald,0,2009
paikuse vald,0,2009
saarde vald,0,2009
sauga vald,0,2009
surju vald,0,2009
tahkuranna vald,0,2009
tali vald,0,2009
tootsi vald,0,2009
tori vald,0,2009
tõstamaa vald,0,2009
varbla vald,0,2009
vändra vald (town),0,2009
vändra vald,0,2009
rapla maakond,9017.7,2009
rapla linn,0,2009
juuru vald,0,2009
järvakandi vald,0,2009
kaiu vald,0,2009
kehtna vald,0,2009
kohila vald (town),0,2009
kohila vald,0,2009
käru vald,0,2009
loodna vald,0,2009
märjamaa vald (town),0,2009
märjamaa vald,0,2009
raikküla vald,0,2009
rapla vald,9017.7,2009
vigala vald,0,2009
saare maakond,6830.4,2009
kuressaare linn,6830.4,2009
kaarma vald,0,2009
kihelkonna vald,0,2009
kärla vald,0,2009
laimjala vald,0,2009
leisi vald,0,2009
lääne-saare vald,0,2009
lümanda vald,0,2009
muhu vald,0,2009
mustjala vald,0,2009
orissaare vald,0,2009
pihtla vald,0,2009
pöide vald,0,2009
ruhnu vald,0,2009
salme vald,0,2009
torgu vald,0,2009
valjala vald,0,2009
tartu maakond,17297,2009
elva linn,0,2009
kallaste linn,0,2009
tartu linn,4643.1,2009
alatskivi vald,0,2009
haaslava vald,0,2009
kambja vald,0,2009
konguta vald,0,2009
laeva vald,0,2009
luunja vald,10906.5,2009
meeksi vald,0,2009
mäksa vald,0,2009
nõo vald,0,2009
peipsiääre vald,0,2009
piirissaare vald,0,2009
puhja vald,0,2009
rannu vald,0,2009
rõngu vald,0,2009
tartu vald,504,2009
tähtvere vald,0,2009
vara vald,0,2009
võnnu vald,0,2009
ülenurme vald,1243.4,2009
valga maakond,2510,2009
tõrva linn,0,2009
valga linn,0,2009
helme vald,2510,2009
hummuli vald,0,2009
karula vald,0,2009
otepää vald,0,2009
palupera vald,0,2009
puka vald,0,2009
põdrala vald,0,2009
sangaste vald,0,2009
taheva vald,0,2009
tõlliste vald,0,2009
õru vald,0,2009
viljandi maakond,2098.1,2009
mõisaküla linn,0,2009
suure-jaani linn,0,2009
viljandi linn,0,2009
võhma linn,0,2009
abja vald,0,2009
halliste vald,0,2009
karksi vald,0,2009
kolga-jaani vald,0,2009
kõo vald,0,2009
kõpu vald,0,2009
olustvere vald,0,2009
paistu vald,0,2009
pärsti vald,0,2009
saarepeedi vald,0,2009
suure-jaani vald,2098.1,2009
tarvastu vald,0,2009
vastemõisa vald,0,2009
viiratsi vald,0,2009
viljandi vald,0,2009
võru maakond,3008.6,2009
võru linn,0,2009
antsla vald,0,2009
haanja vald,450,2009
lasva vald,0,2009
meremäe vald,0,2009
misso vald,508.6,2009
mõniste vald,0,2009
rõuge vald,0,2009
sõmerpalu vald,0,2009
urvaste vald,0,2009
varstu vald,0,2009
vastseliina vald,0,2009
võru vald,2050,2009
whole country,38784.3,2010
northern estonia,17910,2010
central estonia,11762.5,2010
northeastern estonia,50,2010
western estonia,1276.1,2010
southern estonia,7785.7,2010
harju maakond,17910,2010
kehra linn,0,2010
keila linn,2671.3,2010
loksa linn,0,2010
maardu linn,569.8,2010
paldiski linn,0,2010
saue linn,0,2010
tallinn,2597.2,2010
aegviidu vald,0,2010
anija vald,0,2010
harku vald,2300,2010
jõelähtme vald,18.4,2010
keila vald,0,2010
kernu vald,0,2010
kiili vald,0,2010
kose vald,0,2010
kuusalu vald,2996,2010
kõue vald,0,2010
loksa vald,0,2010
nissi vald,0,2010
padise vald,0,2010
raasiku vald,0,2010
rae vald,744.6,2010
saku vald,0,2010
saue vald,4461.8,2010
vasalemma vald,0,2010
viimsi vald,1550.9,2010
hiiu maakond,0,2010
kärdla linn,0,2010
emmaste vald,0,2010
hiiu vald,0,2010
kõrgessaare vald,0,2010
käina vald,0,2010
pühalepa vald,0,2010
ida-viru maakond,50,2010
jõhvi linn,0,2010
kiviõli linn,0,2010
kohtla-järve linn,50,2010
narva linn,0,2010
narva-jõesuu linn,0,2010
püssi linn,0,2010
sillamäe linn,0,2010
alajõe vald,0,2010
aseri vald,0,2010
avinurme vald,0,2010
iisaku vald,0,2010
illuka vald,0,2010
jõhvi vald,0,2010
kohtla vald,0,2010
kohtla-nõmme vald,0,2010
lohusuu vald,0,2010
lüganuse vald,0,2010
maidla vald,0,2010
mäetaguse vald,0,2010
sonda vald,0,2010
toila vald,0,2010
tudulinna vald,0,2010
vaivara vald,0,2010
jõgeva maakond,0,2010
jõgeva linn,0,2010
mustvee linn,0,2010
põltsamaa linn,0,2010
jõgeva vald,0,2010
kasepää vald,0,2010
pajusi vald,0,2010
pala vald,0,2010
palamuse vald,0,2010
puurmani vald,0,2010
põltsamaa vald,0,2010
saare vald,0,2010
tabivere vald,0,2010
torma vald,0,2010
järva maakond,1363,2010
paide linn,0,2010
türi linn,0,2010
albu vald,0,2010
ambla vald,0,2010
imavere vald,0,2010
järva-jaani vald,0,2010
kabala vald,0,2010
kareda vald,0,2010
koeru vald,0,2010
koigi vald,0,2010
lehtse vald,0,2010
oisu vald,0,2010
paide vald,1363,2010
roosna-alliku vald,0,2010
türi vald,0,2010
väätsa vald,0,2010
lääne maakond,20,2010
haapsalu linn,0,2010
hanila vald,20,2010
kullamaa vald,0,2010
lihula vald,0,2010
lääne-nigula vald,0,2010
martna vald,0,2010
noarootsi vald,0,2010
nõva vald,0,2010
oru vald,0,2010
ridala vald,0,2010
risti vald,0,2010
taebla vald,0,2010
vormsi vald,0,2010
lääne-viru maakond,10399.5,2010
kunda linn,2669.3,2010
rakvere linn,0,2010
tamsalu linn,0,2010
tapa linn,0,2010
avanduse vald,0,2010
haljala vald,0,2010
kadrina vald,0,2010
laekvere vald,0,2010
rakke vald,0,2010
rakvere vald,0,2010
rägavere vald,0,2010
saksi vald,0,2010
sõmeru vald,7730.2,2010
tamsalu vald,0,2010
tapa vald,0,2010
vihula vald,0,2010
vinni vald,0,2010
viru-nigula vald,0,2010
väike-maarja vald,0,2010
põlva maakond,0,2010
põlva linn,0,2010
räpina linn,0,2010
ahja vald,0,2010
kanepi vald,0,2010
kõlleste vald,0,2010
laheda vald,0,2010
mikitamäe vald,0,2010
mooste vald,0,2010
orava vald,0,2010
põlva vald,0,2010
räpina vald,0,2010
valgjärve vald,0,2010
vastse-kuuste vald,0,2010
veriora vald,0,2010
värska vald,0,2010
pärnu maakond,1256.1,2010
kilingi-nõmme linn,0,2010
pärnu linn,0,2010
sindi linn,0,2010
are vald,0,2010
audru vald,0,2010
halinga vald,0,2010
häädemeeste vald,0,2010
kaisma vald,0,2010
kihnu vald,0,2010
koonga vald,0,2010
lavassaare vald,0,2010
paikuse vald,289.1,2010
saarde vald,0,2010
sauga vald,67.5,2010
surju vald,0,2010
tahkuranna vald,899.5,2010
tali vald,0,2010
tootsi vald,0,2010
tori vald,0,2010
tõstamaa vald,0,2010
varbla vald,0,2010
vändra vald (town),0,2010
vändra vald,0,2010
rapla maakond,0,2010
rapla linn,0,2010
juuru vald,0,2010
järvakandi vald,0,2010
kaiu vald,0,2010
kehtna vald,0,2010
kohila vald (town),0,2010
kohila vald,0,2010
käru vald,0,2010
loodna vald,0,2010
märjamaa vald (town),0,2010
märjamaa vald,0,2010
raikküla vald,0,2010
rapla vald,0,2010
vigala vald,0,2010
saare maakond,0,2010
kuressaare linn,0,2010
kaarma vald,0,2010
kihelkonna vald,0,2010
kärla vald,0,2010
laimjala vald,0,2010
leisi vald,0,2010
lääne-saare vald,0,2010
lümanda vald,0,2010
muhu vald,0,2010
mustjala vald,0,2010
orissaare vald,0,2010
pihtla vald,0,2010
pöide vald,0,2010
ruhnu vald,0,2010
salme vald,0,2010
torgu vald,0,2010
valjala vald,0,2010
tartu maakond,5467.8,2010
elva linn,0,2010
kallaste linn,0,2010
tartu linn,0,2010
alatskivi vald,0,2010
haaslava vald,0,2010
kambja vald,0,2010
konguta vald,0,2010
laeva vald,0,2010
luunja vald,3064.4,2010
meeksi vald,0,2010
mäksa vald,0,2010
nõo vald,0,2010
peipsiääre vald,0,2010
piirissaare vald,0,2010
puhja vald,1734.5,2010
rannu vald,0,2010
rõngu vald,0,2010
tartu vald,0,2010
tähtvere vald,0,2010
vara vald,0,2010
võnnu vald,0,2010
ülenurme vald,668.9,2010
valga maakond,280,2010
tõrva linn,0,2010
valga linn,0,2010
helme vald,280,2010
hummuli vald,0,2010
karula vald,0,2010
otepää vald,0,2010
palupera vald,0,2010
puka vald,0,2010
põdrala vald,0,2010
sangaste vald,0,2010
taheva vald,0,2010
tõlliste vald,0,2010
õru vald,0,2010
viljandi maakond,0,2010
mõisaküla linn,0,2010
suure-jaani linn,0,2010
viljandi linn,0,2010
võhma linn,0,2010
abja vald,0,2010
halliste vald,0,2010
karksi vald,0,2010
kolga-jaani vald,0,2010
kõo vald,0,2010
kõpu vald,0,2010
olustvere vald,0,2010
paistu vald,0,2010
pärsti vald,0,2010
saarepeedi vald,0,2010
suure-jaani vald,0,2010
tarvastu vald,0,2010
vastemõisa vald,0,2010
viiratsi vald,0,2010
viljandi vald,0,2010
võru maakond,2037.9,2010
võru linn,0,2010
antsla vald,0,2010
haanja vald,0,2010
lasva vald,0,2010
meremäe vald,0,2010
misso vald,0,2010
mõniste vald,0,2010
rõuge vald,0,2010
sõmerpalu vald,0,2010
urvaste vald,0,2010
varstu vald,1490.9,2010
vastseliina vald,0,2010
võru vald,547,2010
whole country,33233.2,2011
northern estonia,13124,2011
central estonia,3891,2011
northeastern estonia,6143.8,2011
western estonia,365.6,2011
southern estonia,9708.8,2011
harju maakond,13124,2011
kehra linn,0,2011
keila linn,0,2011
loksa linn,0,2011
maardu linn,0,2011
paldiski linn,0,2011
saue linn,0,2011
tallinn,2489.5,2011
aegviidu vald,0,2011
anija vald,0,2011
harku vald,0,2011
jõelähtme vald,0,2011
keila vald,707.7,2011
kernu vald,0,2011
kiili vald,0,2011
kose vald,0,2011
kuusalu vald,0,2011
kõue vald,0,2011
loksa vald,0,2011
nissi vald,0,2011
padise vald,0,2011
raasiku vald,1091,2011
rae vald,8835.8,2011
saku vald,0,2011
saue vald,0,2011
vasalemma vald,0,2011
viimsi vald,0,2011
hiiu maakond,0,2011
kärdla linn,0,2011
emmaste vald,0,2011
hiiu vald,0,2011
kõrgessaare vald,0,2011
käina vald,0,2011
pühalepa vald,0,2011
ida-viru maakond,6143.8,2011
jõhvi linn,0,2011
kiviõli linn,0,2011
kohtla-järve linn,2693.1,2011
narva linn,3025.9,2011
narva-jõesuu linn,0,2011
püssi linn,0,2011
sillamäe linn,0,2011
alajõe vald,0,2011
aseri vald,0,2011
avinurme vald,0,2011
iisaku vald,0,2011
illuka vald,0,2011
jõhvi vald,0,2011
kohtla vald,0,2011
kohtla-nõmme vald,0,2011
lohusuu vald,0,2011
lüganuse vald,0,2011
maidla vald,0,2011
mäetaguse vald,0,2011
sonda vald,0,2011
toila vald,0,2011
tudulinna vald,0,2011
vaivara vald,424.8,2011
jõgeva maakond,0,2011
jõgeva linn,0,2011
mustvee linn,0,2011
põltsamaa linn,0,2011
jõgeva vald,0,2011
kasepää vald,0,2011
pajusi vald,0,2011
pala vald,0,2011
palamuse vald,0,2011
puurmani vald,0,2011
põltsamaa vald,0,2011
saare vald,0,2011
tabivere vald,0,2011
torma vald,0,2011
järva maakond,1924.6,2011
paide linn,0,2011
türi linn,0,2011
albu vald,0,2011
ambla vald,0,2011
imavere vald,1171.6,2011
järva-jaani vald,0,2011
kabala vald,0,2011
kareda vald,0,2011
koeru vald,0,2011
koigi vald,556.7,2011
lehtse vald,0,2011
oisu vald,0,2011
paide vald,0,2011
roosna-alliku vald,0,2011
türi vald,0,2011
väätsa vald,196.3,2011
lääne maakond,174.4,2011
haapsalu linn,0,2011
hanila vald,0,2011
kullamaa vald,0,2011
lihula vald,0,2011
lääne-nigula vald,0,2011
martna vald,0,2011
noarootsi vald,0,2011
nõva vald,0,2011
oru vald,0,2011
ridala vald,0,2011
risti vald,0,2011
taebla vald,174.4,2011
vormsi vald,0,2011
lääne-viru maakond,1790.3,2011
kunda linn,0,2011
rakvere linn,0,2011
tamsalu linn,0,2011
tapa linn,0,2011
avanduse vald,0,2011
haljala vald,0,2011
kadrina vald,0,2011
laekvere vald,0,2011
rakke vald,0,2011
rakvere vald,0,2011
rägavere vald,0,2011
saksi vald,0,2011
sõmeru vald,678.2,2011
tamsalu vald,0,2011
tapa vald,0,2011
vihula vald,0,2011
vinni vald,1112.1,2011
viru-nigula vald,0,2011
väike-maarja vald,0,2011
põlva maakond,980,2011
põlva linn,0,2011
räpina linn,0,2011
ahja vald,0,2011
kanepi vald,0,2011
kõlleste vald,0,2011
laheda vald,0,2011
mikitamäe vald,0,2011
mooste vald,0,2011
orava vald,0,2011
põlva vald,0,2011
räpina vald,980,2011
valgjärve vald,0,2011
vastse-kuuste vald,0,2011
veriora vald,0,2011
värska vald,0,2011
pärnu maakond,0,2011
kilingi-nõmme linn,0,2011
pärnu linn,0,2011
sindi linn,0,2011
are vald,0,2011
audru vald,0,2011
halinga vald,0,2011
häädemeeste vald,0,2011
kaisma vald,0,2011
kihnu vald,0,2011
koonga vald,0,2011
lavassaare vald,0,2011
paikuse vald,0,2011
saarde vald,0,2011
sauga vald,0,2011
surju vald,0,2011
tahkuranna vald,0,2011
tali vald,0,2011
tootsi vald,0,2011
tori vald,0,2011
tõstamaa vald,0,2011
varbla vald,0,2011
vändra vald (town),0,2011
vändra vald,0,2011
rapla maakond,176.1,2011
rapla linn,0,2011
juuru vald,0,2011
järvakandi vald,0,2011
kaiu vald,0,2011
kehtna vald,0,2011
kohila vald (town),0,2011
kohila vald,176.1,2011
käru vald,0,2011
loodna vald,0,2011
märjamaa vald (town),0,2011
märjamaa vald,0,2011
raikküla vald,0,2011
rapla vald,0,2011
vigala vald,0,2011
saare maakond,191.2,2011
kuressaare linn,0,2011
kaarma vald,0,2011
kihelkonna vald,0,2011
kärla vald,0,2011
laimjala vald,0,2011
leisi vald,0,2011
lääne-saare vald,0,2011
lümanda vald,191.2,2011
muhu vald,0,2011
mustjala vald,0,2011
orissaare vald,0,2011
pihtla vald,0,2011
pöide vald,0,2011
ruhnu vald,0,2011
salme vald,0,2011
torgu vald,0,2011
valjala vald,0,2011
tartu maakond,8353.1,2011
elva linn,0,2011
kallaste linn,0,2011
tartu linn,1623.7,2011
alatskivi vald,163.5,2011
haaslava vald,0,2011
kambja vald,0,2011
konguta vald,0,2011
laeva vald,0,2011
luunja vald,0,2011
meeksi vald,0,2011
mäksa vald,0,2011
nõo vald,0,2011
peipsiääre vald,0,2011
piirissaare vald,0,2011
puhja vald,0,2011
rannu vald,3258.4,2011
rõngu vald,1487.4,2011
tartu vald,395.9,2011
tähtvere vald,0,2011
vara vald,0,2011
võnnu vald,0,2011
ülenurme vald,1424.2,2011
valga maakond,0,2011
tõrva linn,0,2011
valga linn,0,2011
helme vald,0,2011
hummuli vald,0,2011
karula vald,0,2011
otepää vald,0,2011
palupera vald,0,2011
puka vald,0,2011
põdrala vald,0,2011
sangaste vald,0,2011
taheva vald,0,2011
tõlliste vald,0,2011
õru vald,0,2011
viljandi maakond,309.7,2011
mõisaküla linn,0,2011
suure-jaani linn,0,2011
viljandi linn,309.7,2011
võhma linn,0,2011
abja vald,0,2011
halliste vald,0,2011
karksi vald,0,2011
kolga-jaani vald,0,2011
kõo vald,0,2011
kõpu vald,0,2011
olustvere vald,0,2011
paistu vald,0,2011
pärsti vald,0,2011
saarepeedi vald,0,2011
suure-jaani vald,0,2011
tarvastu vald,0,2011
vastemõisa vald,0,2011
viiratsi vald,0,2011
viljandi vald,0,2011
võru maakond,66,2011
võru linn,0,2011
antsla vald,0,2011
haanja vald,0,2011
lasva vald,0,2011
meremäe vald,0,2011
misso vald,0,2011
mõniste vald,0,2011
rõuge vald,66,2011
sõmerpalu vald,0,2011
urvaste vald,0,2011
varstu vald,0,2011
vastseliina vald,0,2011
võru vald,0,2011
whole country,56301.5,2012
northern estonia,20569.2,2012
central estonia,2068,2012
northeastern estonia,11140.5,2012
western estonia,9338.8,2012
southern estonia,13185,2012
harju maakond,20569.2,2012
kehra linn,0,2012
keila linn,4718.1,2012
loksa linn,0,2012
maardu linn,0,2012
paldiski linn,274,2012
saue linn,0,2012
tallinn,3295.3,2012
aegviidu vald,0,2012
anija vald,0,2012
harku vald,0,2012
jõelähtme vald,0,2012
keila vald,165.4,2012
kernu vald,0,2012
kiili vald,59.6,2012
kose vald,0,2012
kuusalu vald,0,2012
kõue vald,0,2012
loksa vald,0,2012
nissi vald,0,2012
padise vald,0,2012
raasiku vald,0,2012
rae vald,4546.5,2012
saku vald,4002.3,2012
saue vald,0,2012
vasalemma vald,0,2012
viimsi vald,3508,2012
hiiu maakond,0,2012
kärdla linn,0,2012
emmaste vald,0,2012
hiiu vald,0,2012
kõrgessaare vald,0,2012
käina vald,0,2012
pühalepa vald,0,2012
ida-viru maakond,11140.5,2012
jõhvi linn,0,2012
kiviõli linn,0,2012
kohtla-järve linn,1120.7,2012
narva linn,2248.4,2012
narva-jõesuu linn,0,2012
püssi linn,0,2012
sillamäe linn,123.2,2012
alajõe vald,0,2012
aseri vald,0,2012
avinurme vald,0,2012
iisaku vald,0,2012
illuka vald,0,2012
jõhvi vald,0,2012
kohtla vald,0,2012
kohtla-nõmme vald,0,2012
lohusuu vald,0,2012
lüganuse vald,0,2012
maidla vald,0,2012
mäetaguse vald,7480.6,2012
sonda vald,0,2012
toila vald,0,2012
tudulinna vald,0,2012
vaivara vald,167.6,2012
jõgeva maakond,820.5,2012
jõgeva linn,0,2012
mustvee linn,0,2012
põltsamaa linn,0,2012
jõgeva vald,0,2012
kasepää vald,0,2012
pajusi vald,0,2012
pala vald,0,2012
palamuse vald,0,2012
puurmani vald,0,2012
põltsamaa vald,0,2012
saare vald,820.5,2012
tabivere vald,0,2012
torma vald,0,2012
järva maakond,1379,2012
paide linn,0,2012
türi linn,0,2012
albu vald,0,2012
ambla vald,0,2012
imavere vald,1379,2012
järva-jaani vald,0,2012
kabala vald,0,2012
kareda vald,0,2012
koeru vald,0,2012
koigi vald,0,2012
lehtse vald,0,2012
oisu vald,0,2012
paide vald,0,2012
roosna-alliku vald,0,2012
türi vald,0,2012
väätsa vald,0,2012
lääne maakond,2594,2012
haapsalu linn,0,2012
hanila vald,0,2012
kullamaa vald,0,2012
lihula vald,0,2012
lääne-nigula vald,0,2012
martna vald,0,2012
noarootsi vald,0,2012
nõva vald,0,2012
oru vald,0,2012
ridala vald,2594,2012
risti vald,0,2012
taebla vald,0,2012
vormsi vald,0,2012
lääne-viru maakond,256.9,2012
kunda linn,0,2012
rakvere linn,0,2012
tamsalu linn,0,2012
tapa linn,0,2012
avanduse vald,0,2012
haljala vald,0,2012
kadrina vald,0,2012
laekvere vald,0,2012
rakke vald,256.9,2012
rakvere vald,0,2012
rägavere vald,0,2012
saksi vald,0,2012
sõmeru vald,0,2012
tamsalu vald,0,2012
tapa vald,0,2012
vihula vald,0,2012
vinni vald,0,2012
viru-nigula vald,0,2012
väike-maarja vald,0,2012
põlva maakond,2774.3,2012
põlva linn,0,2012
räpina linn,0,2012
ahja vald,0,2012
kanepi vald,0,2012
kõlleste vald,0,2012
laheda vald,0,2012
mikitamäe vald,784.3,2012
mooste vald,0,2012
orava vald,0,2012
põlva vald,0,2012
räpina vald,1990,2012
valgjärve vald,0,2012
vastse-kuuste vald,0,2012
veriora vald,0,2012
värska vald,0,2012
pärnu maakond,724.4,2012
kilingi-nõmme linn,0,2012
pärnu linn,0,2012
sindi linn,0,2012
are vald,0,2012
audru vald,430,2012
halinga vald,0,2012
häädemeeste vald,0,2012
kaisma vald,0,2012
kihnu vald,0,2012
koonga vald,0,2012
lavassaare vald,0,2012
paikuse vald,0,2012
saarde vald,0,2012
sauga vald,294.4,2012
surju vald,0,2012
tahkuranna vald,0,2012
tali vald,0,2012
tootsi vald,0,2012
tori vald,0,2012
tõstamaa vald,0,2012
varbla vald,0,2012
vändra vald (town),0,2012
vändra vald,0,2012
rapla maakond,432.1,2012
rapla linn,0,2012
juuru vald,0,2012
järvakandi vald,0,2012
kaiu vald,0,2012
kehtna vald,0,2012
kohila vald (town),0,2012
kohila vald,0,2012
käru vald,0,2012
loodna vald,0,2012
märjamaa vald (town),0,2012
märjamaa vald,0,2012
raikküla vald,432.1,2012
rapla vald,0,2012
vigala vald,0,2012
saare maakond,6020.4,2012
kuressaare linn,3669,2012
kaarma vald,499.5,2012
kihelkonna vald,0,2012
kärla vald,0,2012
laimjala vald,0,2012
leisi vald,0,2012
lääne-saare vald,0,2012
lümanda vald,589,2012
muhu vald,0,2012
mustjala vald,0,2012
orissaare vald,0,2012
pihtla vald,0,2012
pöide vald,1262.9,2012
ruhnu vald,0,2012
salme vald,0,2012
torgu vald,0,2012
valjala vald,0,2012
tartu maakond,8574.6,2012
elva linn,0,2012
kallaste linn,0,2012
tartu linn,5929.5,2012
alatskivi vald,0,2012
haaslava vald,0,2012
kambja vald,0,2012
konguta vald,0,2012
laeva vald,0,2012
luunja vald,0,2012
meeksi vald,0,2012
mäksa vald,0,2012
nõo vald,0,2012
peipsiääre vald,0,2012
piirissaare vald,0,2012
puhja vald,0,2012
rannu vald,0,2012
rõngu vald,0,2012
tartu vald,278.1,2012
tähtvere vald,0,2012
vara vald,0,2012
võnnu vald,0,2012
ülenurme vald,2367,2012
valga maakond,545.7,2012
tõrva linn,0,2012
valga linn,0,2012
helme vald,0,2012
hummuli vald,0,2012
karula vald,0,2012
otepää vald,0,2012
palupera vald,0,2012
puka vald,0,2012
põdrala vald,545.7,2012
sangaste vald,0,2012
taheva vald,0,2012
tõlliste vald,0,2012
õru vald,0,2012
viljandi maakond,201.9,2012
mõisaküla linn,0,2012
suure-jaani linn,0,2012
viljandi linn,0,2012
võhma linn,0,2012
abja vald,0,2012
halliste vald,0,2012
karksi vald,201.9,2012
kolga-jaani vald,0,2012
kõo vald,0,2012
kõpu vald,0,2012
olustvere vald,0,2012
paistu vald,0,2012
pärsti vald,0,2012
saarepeedi vald,0,2012
suure-jaani vald,0,2012
tarvastu vald,0,2012
vastemõisa vald,0,2012
viiratsi vald,0,2012
viljandi vald,0,2012
võru maakond,268,2012
võru linn,0,2012
antsla vald,0,2012
haanja vald,0,2012
lasva vald,0,2012
meremäe vald,0,2012
misso vald,0,2012
mõniste vald,0,2012
rõuge vald,0,2012
sõmerpalu vald,0,2012
urvaste vald,0,2012
varstu vald,0,2012
vastseliina vald,0,2012
võru vald,268,2012
whole country,100837,2013
northern estonia,61476.8,2013
central estonia,5977.8,2013
northeastern estonia,16077.6,2013
western estonia,6678.5,2013
southern estonia,10626.3,2013
harju maakond,61476.8,2013
kehra linn,0,2013
keila linn,0,2013
loksa linn,0,2013
maardu linn,3359,2013
paldiski linn,1155.5,2013
saue linn,8828.9,2013
tallinn,13014.4,2013
aegviidu vald,1509.2,2013
anija vald,0,2013
harku vald,0,2013
jõelähtme vald,9021.6,2013
keila vald,0,2013
kernu vald,358.2,2013
kiili vald,1189.9,2013
kose vald,201.6,2013
kuusalu vald,0,2013
kõue vald,0,2013
loksa vald,0,2013
nissi vald,0,2013
padise vald,1277,2013
raasiku vald,0,2013
rae vald,17585.8,2013
saku vald,2937,2013
saue vald,0,2013
vasalemma vald,0,2013
viimsi vald,1038.7,2013
hiiu maakond,0,2013
kärdla linn,0,2013
emmaste vald,0,2013
hiiu vald,0,2013
kõrgessaare vald,0,2013
käina vald,0,2013
pühalepa vald,0,2013
ida-viru maakond,16077.6,2013
jõhvi linn,0,2013
kiviõli linn,160,2013
kohtla-järve linn,12.6,2013
narva linn,0,2013
narva-jõesuu linn,0,2013
püssi linn,0,2013
sillamäe linn,0,2013
alajõe vald,0,2013
aseri vald,138.6,2013
avinurme vald,0,2013
iisaku vald,0,2013
illuka vald,0,2013
jõhvi vald,2871.7,2013
kohtla vald,0,2013
kohtla-nõmme vald,0,2013
lohusuu vald,0,2013
lüganuse vald,1466.8,2013
maidla vald,0,2013
mäetaguse vald,259.2,2013
sonda vald,0,2013
toila vald,0,2013
tudulinna vald,0,2013
vaivara vald,11168.7,2013
jõgeva maakond,2018.4,2013
jõgeva linn,0,2013
mustvee linn,0,2013
põltsamaa linn,0,2013
jõgeva vald,270,2013
kasepää vald,0,2013
pajusi vald,0,2013
pala vald,974,2013
palamuse vald,743.2,2013
puurmani vald,0,2013
põltsamaa vald,0,2013
saare vald,31.2,2013
tabivere vald,0,2013
torma vald,0,2013
järva maakond,0,2013
paide linn,0,2013
türi linn,0,2013
albu vald,0,2013
ambla vald,0,2013
imavere vald,0,2013
järva-jaani vald,0,2013
kabala vald,0,2013
kareda vald,0,2013
koeru vald,0,2013
koigi vald,0,2013
lehtse vald,0,2013
oisu vald,0,2013
paide vald,0,2013
roosna-alliku vald,0,2013
türi vald,0,2013
väätsa vald,0,2013
lääne maakond,0,2013
haapsalu linn,0,2013
hanila vald,0,2013
kullamaa vald,0,2013
lihula vald,0,2013
lääne-nigula vald,0,2013
martna vald,0,2013
noarootsi vald,0,2013
nõva vald,0,2013
oru vald,0,2013
ridala vald,0,2013
risti vald,0,2013
taebla vald,0,2013
vormsi vald,0,2013
lääne-viru maakond,3702.6,2013
kunda linn,0,2013
rakvere linn,19.2,2013
tamsalu linn,0,2013
tapa linn,0,2013
avanduse vald,0,2013
haljala vald,636.3,2013
kadrina vald,0,2013
laekvere vald,0,2013
rakke vald,0,2013
rakvere vald,0,2013
rägavere vald,0,2013
saksi vald,0,2013
sõmeru vald,0,2013
tamsalu vald,0,2013
tapa vald,2859.1,2013
vihula vald,0,2013
vinni vald,188,2013
viru-nigula vald,0,2013
väike-maarja vald,0,2013
põlva maakond,923,2013
põlva linn,0,2013
räpina linn,0,2013
ahja vald,0,2013
kanepi vald,536,2013
kõlleste vald,0,2013
laheda vald,0,2013
mikitamäe vald,0,2013
mooste vald,0,2013
orava vald,0,2013
põlva vald,0,2013
räpina vald,0,2013
valgjärve vald,0,2013
vastse-kuuste vald,0,2013
veriora vald,0,2013
värska vald,387,2013
pärnu maakond,4535.5,2013
kilingi-nõmme linn,0,2013
pärnu linn,3010.5,2013
sindi linn,0,2013
are vald,0,2013
audru vald,0,2013
halinga vald,0,2013
häädemeeste vald,1525,2013
kaisma vald,0,2013
kihnu vald,0,2013
koonga vald,0,2013
lavassaare vald,0,2013
paikuse vald,0,2013
saarde vald,0,2013
sauga vald,0,2013
surju vald,0,2013
tahkuranna vald,0,2013
tali vald,0,2013
tootsi vald,0,2013
tori vald,0,2013
tõstamaa vald,0,2013
varbla vald,0,2013
vändra vald (town),0,2013
vändra vald,0,2013
rapla maakond,2275.2,2013
rapla linn,0,2013
juuru vald,0,2013
järvakandi vald,0,2013
kaiu vald,0,2013
kehtna vald,0,2013
kohila vald (town),0,2013
kohila vald,0,2013
käru vald,0,2013
loodna vald,0,2013
märjamaa vald (town),0,2013
märjamaa vald,0,2013
raikküla vald,2275.2,2013
rapla vald,0,2013
vigala vald,0,2013
saare maakond,2143,2013
kuressaare linn,999.6,2013
kaarma vald,565.4,2013
kihelkonna vald,0,2013
kärla vald,0,2013
laimjala vald,0,2013
leisi vald,0,2013
lääne-saare vald,0,2013
lümanda vald,0,2013
muhu vald,0,2013
mustjala vald,0,2013
orissaare vald,0,2013
pihtla vald,0,2013
pöide vald,0,2013
ruhnu vald,0,2013
salme vald,208,2013
torgu vald,0,2013
valjala vald,370,2013
tartu maakond,2169.8,2013
elva linn,0,2013
kallaste linn,0,2013
tartu linn,806.2,2013
alatskivi vald,0,2013
haaslava vald,0,2013
kambja vald,804.7,2013
konguta vald,0,2013
laeva vald,0,2013
luunja vald,521.3,2013
meeksi vald,0,2013
mäksa vald,0,2013
nõo vald,0,2013
peipsiääre vald,0,2013
piirissaare vald,0,2013
puhja vald,0,2013
rannu vald,0,2013
rõngu vald,0,2013
tartu vald,37.6,2013
tähtvere vald,0,2013
vara vald,0,2013
võnnu vald,0,2013
ülenurme vald,0,2013
valga maakond,1299.9,2013
tõrva linn,137.5,2013
valga linn,300,2013
helme vald,0,2013
hummuli vald,0,2013
karula vald,0,2013
otepää vald,862.4,2013
palupera vald,0,2013
puka vald,0,2013
põdrala vald,0,2013
sangaste vald,0,2013
taheva vald,0,2013
tõlliste vald,0,2013
õru vald,0,2013
viljandi maakond,3357,2013
mõisaküla linn,0,2013
suure-jaani linn,0,2013
viljandi linn,905.1,2013
võhma linn,49.6,2013
abja vald,0,2013
halliste vald,0,2013
karksi vald,0,2013
kolga-jaani vald,0,2013
kõo vald,0,2013
kõpu vald,0,2013
olustvere vald,0,2013
paistu vald,0,2013
pärsti vald,0,2013
saarepeedi vald,0,2013
suure-jaani vald,2402.3,2013
tarvastu vald,0,2013
vastemõisa vald,0,2013
viiratsi vald,0,2013
viljandi vald,0,2013
võru maakond,858.2,2013
võru linn,0,2013
antsla vald,518,2013
haanja vald,0,2013
lasva vald,0,2013
meremäe vald,0,2013
misso vald,0,2013
mõniste vald,0,2013
rõuge vald,0,2013
sõmerpalu vald,0,2013
urvaste vald,0,2013
varstu vald,0,2013
vastseliina vald,0,2013
võru vald,340.2,2013
whole country,96540,2014
northern estonia,31711.7,2014
central estonia,3278.1,2014
northeastern estonia,23849.6,2014
western estonia,9954.2,2014
southern estonia,27746.4,2014
harju maakond,31711.7,2014
kehra linn,0,2014
keila linn,0,2014
loksa linn,0,2014
maardu linn,0,2014
paldiski linn,872.8,2014
saue linn,630,2014
tallinn,6564.5,2014
aegviidu vald,0,2014
anija vald,621.7,2014
harku vald,1873,2014
jõelähtme vald,6616.2,2014
keila vald,0,2014
kernu vald,0,2014
kiili vald,2862.4,2014
kose vald,0,2014
kuusalu vald,0,2014
kõue vald,0,2014
loksa vald,0,2014
nissi vald,0,2014
padise vald,0,2014
raasiku vald,0,2014
rae vald,8167.1,2014
saku vald,3504,2014
saue vald,0,2014
vasalemma vald,0,2014
viimsi vald,0,2014
hiiu maakond,0,2014
kärdla linn,0,2014
emmaste vald,0,2014
hiiu vald,0,2014
kõrgessaare vald,0,2014
käina vald,0,2014
pühalepa vald,0,2014
ida-viru maakond,23849.6,2014
jõhvi linn,0,2014
kiviõli linn,0,2014
kohtla-järve linn,0,2014
narva linn,19137.6,2014
narva-jõesuu linn,0,2014
püssi linn,0,2014
sillamäe linn,240.2,2014
alajõe vald,0,2014
aseri vald,0,2014
avinurme vald,0,2014
iisaku vald,0,2014
illuka vald,0,2014
jõhvi vald,0,2014
kohtla vald,0,2014
kohtla-nõmme vald,0,2014
lohusuu vald,0,2014
lüganuse vald,1792.5,2014
maidla vald,0,2014
mäetaguse vald,0,2014
sonda vald,0,2014
toila vald,0,2014
tudulinna vald,0,2014
vaivara vald,2679.3,2014
jõgeva maakond,0,2014
jõgeva linn,0,2014
mustvee linn,0,2014
põltsamaa linn,0,2014
jõgeva vald,0,2014
kasepää vald,0,2014
pajusi vald,0,2014
pala vald,0,2014
palamuse vald,0,2014
puurmani vald,0,2014
põltsamaa vald,0,2014
saare vald,0,2014
tabivere vald,0,2014
torma vald,0,2014
järva maakond,697.5,2014
paide linn,265.5,2014
türi linn,0,2014
albu vald,0,2014
ambla vald,432,2014
imavere vald,0,2014
järva-jaani vald,0,2014
kabala vald,0,2014
kareda vald,0,2014
koeru vald,0,2014
koigi vald,0,2014
lehtse vald,0,2014
oisu vald,0,2014
paide vald,0,2014
roosna-alliku vald,0,2014
türi vald,0,2014
väätsa vald,0,2014
lääne maakond,952,2014
haapsalu linn,952,2014
hanila vald,0,2014
kullamaa vald,0,2014
lihula vald,0,2014
lääne-nigula vald,0,2014
martna vald,0,2014
noarootsi vald,0,2014
nõva vald,0,2014
oru vald,0,2014
ridala vald,0,2014
risti vald,0,2014
taebla vald,0,2014
vormsi vald,0,2014
lääne-viru maakond,2231.6,2014
kunda linn,0,2014
rakvere linn,557.3,2014
tamsalu linn,0,2014
tapa linn,0,2014
avanduse vald,0,2014
haljala vald,0,2014
kadrina vald,23.6,2014
laekvere vald,0,2014
rakke vald,0,2014
rakvere vald,0,2014
rägavere vald,0,2014
saksi vald,0,2014
sõmeru vald,1650.7,2014
tamsalu vald,0,2014
tapa vald,0,2014
vihula vald,0,2014
vinni vald,0,2014
viru-nigula vald,0,2014
väike-maarja vald,0,2014
põlva maakond,0,2014
põlva linn,0,2014
räpina linn,0,2014
ahja vald,0,2014
kanepi vald,0,2014
kõlleste vald,0,2014
laheda vald,0,2014
mikitamäe vald,0,2014
mooste vald,0,2014
orava vald,0,2014
põlva vald,0,2014
räpina vald,0,2014
valgjärve vald,0,2014
vastse-kuuste vald,0,2014
veriora vald,0,2014
värska vald,0,2014
pärnu maakond,7274,2014
kilingi-nõmme linn,0,2014
pärnu linn,1111.8,2014
sindi linn,0,2014
are vald,0,2014
audru vald,601.5,2014
halinga vald,0,2014
häädemeeste vald,0,2014
kaisma vald,0,2014
kihnu vald,0,2014
koonga vald,0,2014
lavassaare vald,0,2014
paikuse vald,0,2014
saarde vald,0,2014
sauga vald,5560.7,2014
surju vald,0,2014
tahkuranna vald,0,2014
tali vald,0,2014
tootsi vald,0,2014
tori vald,0,2014
tõstamaa vald,0,2014
varbla vald,0,2014
vändra vald (town),0,2014
vändra vald,0,2014
rapla maakond,349,2014
rapla linn,0,2014
juuru vald,0,2014
järvakandi vald,0,2014
kaiu vald,0,2014
kehtna vald,0,2014
kohila vald (town),0,2014
kohila vald,0,2014
käru vald,0,2014
loodna vald,0,2014
märjamaa vald (town),0,2014
märjamaa vald,0,2014
raikküla vald,0,2014
rapla vald,349,2014
vigala vald,0,2014
saare maakond,1728.2,2014
kuressaare linn,363.7,2014
kaarma vald,697.3,2014
kihelkonna vald,0,2014
kärla vald,0,2014
laimjala vald,0,2014
leisi vald,0,2014
lääne-saare vald,0,2014
lümanda vald,0,2014
muhu vald,0,2014
mustjala vald,49.8,2014
orissaare vald,580.7,2014
pihtla vald,0,2014
pöide vald,0,2014
ruhnu vald,0,2014
salme vald,36.7,2014
torgu vald,0,2014
valjala vald,0,2014
tartu maakond,10940.9,2014
elva linn,0,2014
kallaste linn,0,2014
tartu linn,0,2014
alatskivi vald,0,2014
haaslava vald,0,2014
kambja vald,319.9,2014
konguta vald,0,2014
laeva vald,0,2014
luunja vald,0,2014
meeksi vald,0,2014
mäksa vald,0,2014
nõo vald,0,2014
peipsiääre vald,0,2014
piirissaare vald,0,2014
puhja vald,642.5,2014
rannu vald,0,2014
rõngu vald,1410.1,2014
tartu vald,3340.9,2014
tähtvere vald,1267.9,2014
vara vald,0,2014
võnnu vald,0,2014
ülenurme vald,3959.6,2014
valga maakond,0,2014
tõrva linn,0,2014
valga linn,0,2014
helme vald,0,2014
hummuli vald,0,2014
karula vald,0,2014
otepää vald,0,2014
palupera vald,0,2014
puka vald,0,2014
põdrala vald,0,2014
sangaste vald,0,2014
taheva vald,0,2014
tõlliste vald,0,2014
õru vald,0,2014
viljandi maakond,16553.8,2014
mõisaküla linn,0,2014
suure-jaani linn,0,2014
viljandi linn,14648.5,2014
võhma linn,0,2014
abja vald,0,2014
halliste vald,172.2,2014
karksi vald,0,2014
kolga-jaani vald,0,2014
kõo vald,0,2014
kõpu vald,0,2014
olustvere vald,0,2014
paistu vald,0,2014
pärsti vald,0,2014
saarepeedi vald,0,2014
suure-jaani vald,0,2014
tarvastu vald,684.5,2014
vastemõisa vald,0,2014
viiratsi vald,0,2014
viljandi vald,1048.6,2014
võru maakond,251.7,2014
võru linn,251.7,2014
antsla vald,0,2014
haanja vald,0,2014
lasva vald,0,2014
meremäe vald,0,2014
misso vald,0,2014
mõniste vald,0,2014
rõuge vald,0,2014
sõmerpalu vald,0,2014
urvaste vald,0,2014
varstu vald,0,2014
vastseliina vald,0,2014
võru vald,0,2014
whole country,124258.7,2015
northern estonia,72308.4,2015
central estonia,11832.4,2015
northeastern estonia,15273,2015
western estonia,4871,2015
southern estonia,19973.9,2015
harju maakond,72308.4,2015
kehra linn,0,2015
keila linn,854.4,2015
loksa linn,0,2015
maardu linn,26998.7,2015
paldiski linn,0,2015
saue linn,856.6,2015
tallinn,1747.4,2015
aegviidu vald,0,2015
anija vald,29.4,2015
harku vald,607.2,2015
jõelähtme vald,1509.9,2015
keila vald,0,2015
kernu vald,0,2015
kiili vald,0,2015
kose vald,287.4,2015
kuusalu vald,0,2015
kõue vald,0,2015
loksa vald,0,2015
nissi vald,0,2015
padise vald,0,2015
raasiku vald,2381.6,2015
rae vald,30902.2,2015
saku vald,6133.6,2015
saue vald,0,2015
vasalemma vald,0,2015
viimsi vald,0,2015
hiiu maakond,271.2,2015
kärdla linn,0,2015
emmaste vald,0,2015
hiiu vald,271.2,2015
kõrgessaare vald,0,2015
käina vald,0,2015
pühalepa vald,0,2015
ida-viru maakond,15273,2015
jõhvi linn,0,2015
kiviõli linn,0,2015
kohtla-järve linn,9525.1,2015
narva linn,0,2015
narva-jõesuu linn,0,2015
püssi linn,0,2015
sillamäe linn,0,2015
alajõe vald,0,2015
aseri vald,0,2015
avinurme vald,0,2015
iisaku vald,0,2015
illuka vald,0,2015
jõhvi vald,0,2015
kohtla vald,0,2015
kohtla-nõmme vald,0,2015
lohusuu vald,0,2015
lüganuse vald,0,2015
maidla vald,0,2015
mäetaguse vald,0,2015
sonda vald,0,2015
toila vald,0,2015
tudulinna vald,0,2015
vaivara vald,5747.9,2015
jõgeva maakond,934,2015
jõgeva linn,636,2015
mustvee linn,0,2015
põltsamaa linn,298,2015
jõgeva vald,0,2015
kasepää vald,0,2015
pajusi vald,0,2015
pala vald,0,2015
palamuse vald,0,2015
puurmani vald,0,2015
põltsamaa vald,0,2015
saare vald,0,2015
tabivere vald,0,2015
torma vald,0,2015
järva maakond,158.6,2015
paide linn,0,2015
türi linn,0,2015
albu vald,0,2015
ambla vald,0,2015
imavere vald,158.6,2015
järva-jaani vald,0,2015
kabala vald,0,2015
kareda vald,0,2015
koeru vald,0,2015
koigi vald,0,2015
lehtse vald,0,2015
oisu vald,0,2015
paide vald,0,2015
roosna-alliku vald,0,2015
türi vald,0,2015
väätsa vald,0,2015
lääne maakond,2882.1,2015
haapsalu linn,288.1,2015
hanila vald,0,2015
kullamaa vald,0,2015
lihula vald,0,2015
lääne-nigula vald,0,2015
martna vald,0,2015
noarootsi vald,0,2015
nõva vald,0,2015
oru vald,0,2015
ridala vald,2594,2015
risti vald,0,2015
taebla vald,0,2015
vormsi vald,0,2015
lääne-viru maakond,10392.4,2015
kunda linn,0,2015
rakvere linn,0,2015
tamsalu linn,0,2015
tapa linn,0,2015
avanduse vald,0,2015
haljala vald,0,2015
kadrina vald,0,2015
laekvere vald,0,2015
rakke vald,0,2015
rakvere vald,0,2015
rägavere vald,0,2015
saksi vald,0,2015
sõmeru vald,569.5,2015
tamsalu vald,20.9,2015
tapa vald,0,2015
vihula vald,7737.3,2015
vinni vald,1272.7,2015
viru-nigula vald,792,2015
väike-maarja vald,0,2015
põlva maakond,2100,2015
põlva linn,0,2015
räpina linn,0,2015
ahja vald,0,2015
kanepi vald,0,2015
kõlleste vald,0,2015
laheda vald,0,2015
mikitamäe vald,0,2015
mooste vald,0,2015
orava vald,0,2015
põlva vald,2100,2015
räpina vald,0,2015
valgjärve vald,0,2015
vastse-kuuste vald,0,2015
veriora vald,0,2015
värska vald,0,2015
pärnu maakond,0,2015
kilingi-nõmme linn,0,2015
pärnu linn,0,2015
sindi linn,0,2015
are vald,0,2015
audru vald,0,2015
halinga vald,0,2015
häädemeeste vald,0,2015
kaisma vald,0,2015
kihnu vald,0,2015
koonga vald,0,2015
lavassaare vald,0,2015
paikuse vald,0,2015
saarde vald,0,2015
sauga vald,0,2015
surju vald,0,2015
tahkuranna vald,0,2015
tali vald,0,2015
tootsi vald,0,2015
tori vald,0,2015
tõstamaa vald,0,2015
varbla vald,0,2015
vändra vald (town),0,2015
vändra vald,0,2015
rapla maakond,1281.4,2015
rapla linn,0,2015
juuru vald,0,2015
järvakandi vald,1144.5,2015
kaiu vald,0,2015
kehtna vald,0,2015
kohila vald (town),0,2015
kohila vald,0,2015
käru vald,0,2015
loodna vald,0,2015
märjamaa vald (town),0,2015
märjamaa vald,113.6,2015
raikküla vald,0,2015
rapla vald,23.3,2015
vigala vald,0,2015
saare maakond,1717.7,2015
kuressaare linn,0,2015
kaarma vald,0,2015
kihelkonna vald,0,2015
kärla vald,0,2015
laimjala vald,0,2015
leisi vald,0,2015
lääne-saare vald,735.6,2015
lümanda vald,0,2015
muhu vald,0,2015
mustjala vald,0,2015
orissaare vald,0,2015
pihtla vald,0,2015
pöide vald,982.1,2015
ruhnu vald,0,2015
salme vald,0,2015
torgu vald,0,2015
valjala vald,0,2015
tartu maakond,5909.6,2015
elva linn,0,2015
kallaste linn,0,2015
tartu linn,1850.7,2015
alatskivi vald,0,2015
haaslava vald,0,2015
kambja vald,266.3,2015
konguta vald,0,2015
laeva vald,0,2015
luunja vald,0,2015
meeksi vald,0,2015
mäksa vald,0,2015
nõo vald,684.8,2015
peipsiääre vald,0,2015
piirissaare vald,0,2015
puhja vald,106.8,2015
rannu vald,0,2015
rõngu vald,0,2015
tartu vald,0,2015
tähtvere vald,0,2015
vara vald,1664.2,2015
võnnu vald,0,2015
ülenurme vald,1336.8,2015
valga maakond,227.4,2015
tõrva linn,0,2015
valga linn,0,2015
helme vald,227.4,2015
hummuli vald,0,2015
karula vald,0,2015
otepää vald,0,2015
palupera vald,0,2015
puka vald,0,2015
põdrala vald,0,2015
sangaste vald,0,2015
taheva vald,0,2015
tõlliste vald,0,2015
õru vald,0,2015
viljandi maakond,267.9,2015
mõisaküla linn,0,2015
suure-jaani linn,0,2015
viljandi linn,0,2015
võhma linn,0,2015
abja vald,0,2015
halliste vald,0,2015
karksi vald,267.9,2015
kolga-jaani vald,0,2015
kõo vald,0,2015
kõpu vald,0,2015
olustvere vald,0,2015
paistu vald,0,2015
pärsti vald,0,2015
saarepeedi vald,0,2015
suure-jaani vald,0,2015
tarvastu vald,0,2015
vastemõisa vald,0,2015
viiratsi vald,0,2015
viljandi vald,0,2015
võru maakond,10535,2015
võru linn,305.1,2015
antsla vald,0,2015
haanja vald,0,2015
lasva vald,0,2015
meremäe vald,0,2015
misso vald,0,2015
mõniste vald,0,2015
rõuge vald,0,2015
sõmerpalu vald,10229.9,2015
urvaste vald,0,2015
varstu vald,0,2015
vastseliina vald,0,2015
võru vald,0,2015
